,Faculty,Position,Gender,Management,Area,Excellence,2000,2001,2002,2003,2004,2005,2006,2007,2008,2009,2010,2011,2012,2013,2014,2015,2016,2017,2018,2019,2020,2021
0,A S Madhukumar,Associate Professor,M,N,Computer Networks,0,[],[],['Lau Chiew Tong'],['Lau Chiew Tong'],['Lau Chiew Tong'],['Lau Chiew Tong'],['Lau Chiew Tong'],['Lau Chiew Tong'],['Lau Chiew Tong'],['Lau Chiew Tong'],['Lau Chiew Tong'],['Lau Chiew Tong'],['Lau Chiew Tong'],['Lau Chiew Tong'],"['Dusit Niyato', 'Lau Chiew Tong']","['Lau Chiew Tong', 'Dusit Niyato']","['Dusit Niyato', 'Lau Chiew Tong']","['Lau Chiew Tong', 'Dusit Niyato']","['Lau Chiew Tong', 'Dusit Niyato']","['Lau Chiew Tong', 'Dusit Niyato']","['Lau Chiew Tong', 'Dusit Niyato']","['Lau Chiew Tong', 'Dusit Niyato']"
1,Alexei Sourin,Associate Professor,M,N,Computer Graphics,0,[],[],[],[],['Seah Hock Soon'],['Seah Hock Soon'],['Seah Hock Soon'],['Seah Hock Soon'],['Seah Hock Soon'],['Seah Hock Soon'],['Seah Hock Soon'],['Seah Hock Soon'],['Seah Hock Soon'],['Seah Hock Soon'],['Seah Hock Soon'],['Seah Hock Soon'],['Seah Hock Soon'],['Seah Hock Soon'],['Seah Hock Soon'],['Seah Hock Soon'],['Seah Hock Soon'],['Seah Hock Soon']
2,Anupam Chattopadhyay,Associate Professor,M,N,Computer Architecture,3,[],[],[],[],[],[],[],[],[],[],[],['Sourav Sen Gupta'],['Sourav Sen Gupta'],['Sourav Sen Gupta'],['Sourav Sen Gupta'],['Sourav Sen Gupta'],"['Thambipillai Srikanthan', 'Sourav Sen Gupta']","['Erik Cambria', 'Arvind Easwaran', 'Lam Kwok Yan', 'Sourav Sen Gupta', 'Thambipillai Srikanthan']","['Lam Kwok Yan', 'Sourav Sen Gupta', 'Arvind Easwaran', 'Thambipillai Srikanthan', 'Erik Cambria']","['Sourav Sen Gupta', 'Owen Noel Newton Fernando', 'Seah Hock Soon', 'Thambipillai Srikanthan', 'Erik Cambria', 'Arvind Easwaran', 'Lam Kwok Yan']","['Guan Cuntai', 'Arvind Easwaran', 'Sourav Sen Gupta', 'Thambipillai Srikanthan', 'Erik Cambria', 'Lam Kwok Yan', 'Owen Noel Newton Fernando', 'Seah Hock Soon']","['Sourav Sen Gupta', 'Thambipillai Srikanthan', 'Erik Cambria', 'Arvind Easwaran', 'Lam Kwok Yan', 'Owen Noel Newton Fernando', 'Seah Hock Soon', 'Guan Cuntai']"
3,Anwitaman Datta,Associate Professor,M,N,Distributed Systems,3,[],[],[],[],[],[],[],[],"['Ng Wee Keong', 'Sun Aixin']","['Sun Aixin', 'Ng Wee Keong']","['Sun Aixin', 'Ng Wee Keong']","['Sun Aixin', 'Ng Wee Keong']","['Sun Aixin', 'Lee Bu Sung Francis', 'Zhang Jie', 'Ng Wee Keong']","['Sun Aixin', 'Ng Wee Keong', 'Lee Bu Sung Francis', 'Zhang Jie']","['Ng Wee Keong', 'Sun Aixin', 'Lee Bu Sung Francis', 'Zhang Jie']","['Ng Wee Keong', 'Sun Aixin', 'Lee Bu Sung Francis', 'Zhang Jie']","['Ng Wee Keong', 'Sun Aixin', 'Lee Bu Sung Francis', 'Zhang Jie']","['Ng Wee Keong', 'Sun Aixin', 'Lee Bu Sung Francis', 'Zhang Jie']","['Ng Wee Keong', 'Sun Aixin', 'Lee Bu Sung Francis', 'Zhang Jie']","['Ng Wee Keong', 'Sun Aixin', 'Lee Bu Sung Francis', 'Zhang Jie']","['Ng Wee Keong', 'Sun Aixin', 'Lee Bu Sung Francis', 'Zhang Jie']","['Ng Wee Keong', 'Sun Aixin', 'Lee Bu Sung Francis', 'Zhang Jie']"
4,Arijit Khan,Assistant Professor,M,N,Data Management,9,[],[],[],[],[],[],[],[],[],[],[],[],[],[],[],[],[],['Sourav S Bhowmick'],"['Cong Gao', 'Sourav S Bhowmick']","['Sourav S Bhowmick', 'Cong Gao']","['Cong Gao', 'Sourav Sen Gupta', 'Sourav S Bhowmick']","['Sourav S Bhowmick', 'Cong Gao', 'Sourav Sen Gupta']"
5,Arvind Easwaran,Associate Professor,M,N,Computer Architecture,0,[],[],[],[],[],[],[],[],[],[],[],[],[],[],[],[],[],['Anupam Chattopadhyay'],"['Tan Rui', 'Anupam Chattopadhyay']","['Tan Rui', 'Anupam Chattopadhyay']","['Tan Rui', 'Anupam Chattopadhyay', 'Liu Zhiwei']","['Anupam Chattopadhyay', 'Tan Rui', 'Liu Zhiwei']"
6,Bo An,Associate Professor,M,N,AI/ML,4,[],[],[],[],[],"['Miao Chunyan', 'Shen Zhiqi']","['Miao Chunyan', 'Shen Zhiqi']","['Shen Zhiqi', 'Miao Chunyan']","['Miao Chunyan', 'Shen Zhiqi']","['Miao Chunyan', 'Shen Zhiqi']","['Miao Chunyan', 'Shen Zhiqi']","['Miao Chunyan', 'Shen Zhiqi']","['Yu Han', 'Shen Zhiqi', 'Miao Chunyan']","['Yu Han', 'Shen Zhiqi', 'Miao Chunyan']","['Yu Han', 'Shen Zhiqi', 'Miao Chunyan', 'Zhang Jie']","['Miao Chunyan', 'Shen Zhiqi', 'Yu Han', 'Zhang Jie']","['Zhang Jie', 'Miao Chunyan', 'Shen Zhiqi', 'Yu Han']","['Zhang Jie', 'Dusit Niyato', 'Miao Chunyan', 'Cong Gao', 'Shen Zhiqi', 'Yu Han']","['Miao Chunyan', 'Pan Sinno Jialin', 'Shen Zhiqi', 'Yu Han', 'Zhang Jie', 'Dusit Niyato', 'Cong Gao']","['Zinovi Rabinovich', 'Miao Chunyan', 'Shen Zhiqi', 'Yu Han', 'Zhang Jie', 'Dusit Niyato', 'Cong Gao', 'Pan Sinno Jialin']","['Zinovi Rabinovich', 'Miao Chunyan', 'Shen Zhiqi', 'Yu Han', 'Zhang Jie', 'Dusit Niyato', 'Cong Gao', 'Pan Sinno Jialin']","['Lana Obraztsova ', 'Zinovi Rabinovich', 'Miao Chunyan', 'Shen Zhiqi', 'Yu Han', 'Zhang Jie', 'Dusit Niyato', 'Cong Gao', 'Pan Sinno Jialin']"
7,Cai Jianfei,Professor,M,N,Computer Vision,24,[],[],[],[],['Chia Liang Tien Clement'],['Chia Liang Tien Clement'],"['Deepu Rajan', 'Chia Liang Tien Clement', 'Lee Bu Sung Francis']","['Zheng Jianmin', 'Lau Chiew Tong', 'Cham Tat Jen', 'Deepu Rajan', 'Chia Liang Tien Clement', 'Lee Bu Sung Francis']","['Lin Weisi', 'Zheng Jianmin', 'Lau Chiew Tong', 'Chia Liang Tien Clement', 'Deepu Rajan', 'Lee Bu Sung Francis', 'Cham Tat Jen']","['Lin Weisi', 'Zheng Jianmin', 'Chia Liang Tien Clement', 'Deepu Rajan', 'Lee Bu Sung Francis', 'Lau Chiew Tong', 'Cham Tat Jen']","['Zheng Jianmin', 'Chia Liang Tien Clement', 'Deepu Rajan', 'Lee Bu Sung Francis', 'Lau Chiew Tong', 'Cham Tat Jen', 'Lin Weisi']","['Zheng Jianmin', 'Dusit Niyato', 'Lin Weisi', 'Wen Yonggang', 'Chia Liang Tien Clement', 'Deepu Rajan', 'Lee Bu Sung Francis', 'Lau Chiew Tong', 'Cham Tat Jen']","['Zheng Jianmin', 'Lin Weisi', 'Wen Yonggang', 'Cham Tat Jen', 'Chia Liang Tien Clement', 'Deepu Rajan', 'Lee Bu Sung Francis', 'Lau Chiew Tong', 'Dusit Niyato']","['Zheng Jianmin', 'Cham Tat Jen', 'Wen Yonggang', 'Chia Liang Tien Clement', 'Deepu Rajan', 'Lee Bu Sung Francis', 'Lau Chiew Tong', 'Lin Weisi', 'Dusit Niyato']","['Zheng Jianmin', 'Wen Yonggang', 'Lu Shijian', 'Cham Tat Jen', 'Chia Liang Tien Clement', 'Deepu Rajan', 'Lee Bu Sung Francis', 'Lau Chiew Tong', 'Lin Weisi', 'Dusit Niyato']","['Cham Tat Jen', 'Lin Weisi', 'Zheng Jianmin', 'Lu Shijian', 'Wen Yonggang', 'Chia Liang Tien Clement', 'Deepu Rajan', 'Lee Bu Sung Francis', 'Lau Chiew Tong', 'Dusit Niyato']","['Lu Shijian', 'Zheng Jianmin', 'Cham Tat Jen', 'Chia Liang Tien Clement', 'Deepu Rajan', 'Lee Bu Sung Francis', 'Lau Chiew Tong', 'Lin Weisi', 'Dusit Niyato', 'Wen Yonggang']","['Ong Yew Soon', 'Wen Yonggang', 'Cham Tat Jen', 'Zheng Jianmin', 'Lu Shijian', 'Joty Shafiq Rayhan', 'Chia Liang Tien Clement', 'Deepu Rajan', 'Lee Bu Sung Francis', 'Lau Chiew Tong', 'Lin Weisi', 'Dusit Niyato']","['Ong Yew Soon', 'Zheng Jianmin', 'Cham Tat Jen', 'Wen Yonggang', 'Joty Shafiq Rayhan', 'Zhang Hanwang', 'Lin Guosheng', 'Chia Liang Tien Clement', 'Deepu Rajan', 'Lee Bu Sung Francis', 'Lau Chiew Tong', 'Lin Weisi', 'Dusit Niyato', 'Lu Shijian']","['Zheng Jianmin', 'Cham Tat Jen', 'Lin Guosheng', 'Ong Yew Soon', 'Zhang Hanwang', 'Joty Shafiq Rayhan', 'Chia Liang Tien Clement', 'Deepu Rajan', 'Lee Bu Sung Francis', 'Lau Chiew Tong', 'Lin Weisi', 'Dusit Niyato', 'Wen Yonggang', 'Lu Shijian']","['Joty Shafiq Rayhan', 'Zheng Jianmin', 'Cham Tat Jen', 'Ong Yew Soon', 'Lin Guosheng', 'Zhang Hanwang', 'Chia Liang Tien Clement', 'Deepu Rajan', 'Lee Bu Sung Francis', 'Lau Chiew Tong', 'Lin Weisi', 'Dusit Niyato', 'Wen Yonggang', 'Lu Shijian']","['Ong Yew Soon', 'Chia Liang Tien Clement', 'Deepu Rajan', 'Lee Bu Sung Francis', 'Zheng Jianmin', 'Lau Chiew Tong', 'Cham Tat Jen', 'Lin Weisi', 'Dusit Niyato', 'Wen Yonggang', 'Lu Shijian', 'Joty Shafiq Rayhan', 'Zhang Hanwang', 'Lin Guosheng']"
8,Cai Wentong,Professor,M,Y,Distributed Systems,3,"['Lee Bu Sung Francis', 'Huang Shell Ying']","['Lee Bu Sung Francis', 'Huang Shell Ying']","['Lee Bu Sung Francis', 'Sun Chengzheng', 'Huang Shell Ying']","['Lee Bu Sung Francis', 'Ong Yew Soon', 'Huang Shell Ying', 'Sun Chengzheng']","['Lee Bu Sung Francis', 'Ong Yew Soon', 'Huang Shell Ying', 'Sun Chengzheng']","['Lee Bu Sung Francis', 'Ong Yew Soon', 'Huang Shell Ying', 'Sun Chengzheng']","['Lee Bu Sung Francis', 'Sun Chengzheng', 'Huang Shell Ying', 'Ong Yew Soon']","['Lee Bu Sung Francis', 'Huang Shell Ying', 'Sun Chengzheng', 'Ong Yew Soon']","['Tang Xueyan', 'Lee Bu Sung Francis', 'Huang Shell Ying', 'Sun Chengzheng', 'Ong Yew Soon']","['Lee Bu Sung Francis', 'Tang Xueyan', 'Huang Shell Ying', 'Sun Chengzheng', 'Ong Yew Soon']","['Tang Xueyan', 'Seah Hock Soon', 'Lee Bu Sung Francis', 'Huang Shell Ying', 'Sun Chengzheng', 'Ong Yew Soon']","['Tang Xueyan', 'Ong Yew Soon', 'Lee Bu Sung Francis', 'Huang Shell Ying', 'Sun Chengzheng', 'Seah Hock Soon']","['Tang Xueyan', 'Lee Bu Sung Francis', 'Huang Shell Ying', 'Sun Chengzheng', 'Ong Yew Soon', 'Seah Hock Soon']","['Tang Xueyan', 'Liu Yang', 'Lee Bu Sung Francis', 'Huang Shell Ying', 'Sun Chengzheng', 'Ong Yew Soon', 'Seah Hock Soon']","['Tang Xueyan', 'Lee Bu Sung Francis', 'Huang Shell Ying', 'Sun Chengzheng', 'Ong Yew Soon', 'Seah Hock Soon', 'Liu Yang']","['Tang Xueyan', 'Ong Yew Soon', 'Lee Bu Sung Francis', 'Huang Shell Ying', 'Sun Chengzheng', 'Seah Hock Soon', 'Liu Yang']","['Liu Yang', 'Ong Yew Soon', 'Tang Xueyan', 'Lee Bu Sung Francis', 'Huang Shell Ying', 'Sun Chengzheng', 'Seah Hock Soon']","['Tang Xueyan', 'Lee Bu Sung Francis', 'Huang Shell Ying', 'Sun Chengzheng', 'Ong Yew Soon', 'Seah Hock Soon', 'Liu Yang']","['Tang Xueyan', 'Lee Bu Sung Francis', 'Huang Shell Ying', 'Sun Chengzheng', 'Ong Yew Soon', 'Seah Hock Soon', 'Liu Yang']","['Tang Xueyan', 'Lee Bu Sung Francis', 'Huang Shell Ying', 'Sun Chengzheng', 'Ong Yew Soon', 'Seah Hock Soon', 'Liu Yang']","['Ong Yew Soon', 'Lee Bu Sung Francis', 'Huang Shell Ying', 'Sun Chengzheng', 'Tang Xueyan', 'Seah Hock Soon', 'Liu Yang']","['Tang Xueyan', 'Sun Chengzheng', 'Lee Bu Sung Francis', 'Huang Shell Ying', 'Ong Yew Soon', 'Seah Hock Soon', 'Liu Yang']"
9,Cham Tat Jen,Associate Professor,M,N,Computer Vision,8,[],[],[],[],[],[],[],"['Yeo Chai Kiat', 'Chia Liang Tien Clement', 'Cai Jianfei', 'Deepu Rajan']","['Yeo Chai Kiat', 'Chia Liang Tien Clement', 'Cai Jianfei', 'Deepu Rajan']","['Yeo Chai Kiat', 'Chia Liang Tien Clement', 'Cai Jianfei', 'Deepu Rajan']","['Chia Liang Tien Clement', 'Yeo Chai Kiat', 'Cai Jianfei', 'Deepu Rajan']","['Yeo Chai Kiat', 'Chia Liang Tien Clement', 'Cai Jianfei', 'Deepu Rajan']","['Cai Jianfei', 'Yeo Chai Kiat', 'Chia Liang Tien Clement', 'Deepu Rajan']","['Cai Jianfei', 'Zheng Jianmin', 'Yeo Chai Kiat', 'Chia Liang Tien Clement', 'Deepu Rajan']","['Cai Jianfei', 'Yeo Chai Kiat', 'Chia Liang Tien Clement', 'Deepu Rajan', 'Zheng Jianmin']","['Cai Jianfei', 'Zheng Jianmin', 'Yeo Chai Kiat', 'Chia Liang Tien Clement', 'Deepu Rajan']","['Cai Jianfei', 'Yeo Chai Kiat', 'Chia Liang Tien Clement', 'Deepu Rajan', 'Zheng Jianmin']","['Cai Jianfei', 'Zheng Jianmin', 'Yeo Chai Kiat', 'Chia Liang Tien Clement', 'Deepu Rajan']","['Zheng Jianmin', 'Cai Jianfei', 'Yeo Chai Kiat', 'Chia Liang Tien Clement', 'Deepu Rajan']","['Zheng Jianmin', 'Cai Jianfei', 'Yeo Chai Kiat', 'Chia Liang Tien Clement', 'Deepu Rajan']","['Zheng Jianmin', 'Cai Jianfei', 'Yeo Chai Kiat', 'Chia Liang Tien Clement', 'Deepu Rajan']","['Yeo Chai Kiat', 'Chia Liang Tien Clement', 'Cai Jianfei', 'Deepu Rajan', 'Zheng Jianmin']"
10,Chan Syin,Associate Professor,F,N,Computer Networks,0,[],[],[],[],"['Chia Liang Tien Clement', 'Deepu Rajan']","['Chia Liang Tien Clement', 'Deepu Rajan']","['Chia Liang Tien Clement', 'Deepu Rajan']","['Chia Liang Tien Clement', 'Deepu Rajan']","['Chia Liang Tien Clement', 'Deepu Rajan']","['Chia Liang Tien Clement', 'Deepu Rajan']","['Chia Liang Tien Clement', 'Deepu Rajan']","['Lau Chiew Tong', 'Chia Liang Tien Clement', 'Deepu Rajan']","['Lau Chiew Tong', 'Chia Liang Tien Clement', 'Deepu Rajan']","['Lau Chiew Tong', 'Chia Liang Tien Clement', 'Deepu Rajan']","['Lau Chiew Tong', 'Chia Liang Tien Clement', 'Deepu Rajan']","['Lau Chiew Tong', 'Chia Liang Tien Clement', 'Deepu Rajan']","['Lau Chiew Tong', 'Chia Liang Tien Clement', 'Deepu Rajan']","['Lau Chiew Tong', 'Chia Liang Tien Clement', 'Deepu Rajan']","['Chia Liang Tien Clement', 'Deepu Rajan', 'Lau Chiew Tong']","['Chia Liang Tien Clement', 'Deepu Rajan', 'Lau Chiew Tong']","['Lau Chiew Tong', 'Lee Bu Sung Francis', 'Chia Liang Tien Clement', 'Deepu Rajan']","['Chia Liang Tien Clement', 'Deepu Rajan', 'Lau Chiew Tong', 'Lee Bu Sung Francis']"
11,Chia Liang Tien Clement,Associate Professor,M,N,Multimedia,7,[],['Lee Bu Sung Francis'],['Lee Bu Sung Francis'],"['Deepu Rajan', 'Lee Bu Sung Francis']","['Lee Bu Sung Francis', 'Chan Syin', 'Sourav S Bhowmick', 'Deepu Rajan', 'Cai Jianfei']","['Lee Bu Sung Francis', 'Deepu Rajan', 'Sourav S Bhowmick', 'Chan Syin', 'Cai Jianfei']","['Sourav S Bhowmick', 'Deepu Rajan', 'Cai Jianfei', 'Lee Bu Sung Francis', 'Chan Syin']","['Sourav S Bhowmick', 'Chan Syin', 'Deepu Rajan', 'Yeo Chai Kiat', 'Cham Tat Jen', 'Cai Jianfei', 'Lee Bu Sung Francis']","['Deepu Rajan', 'Chan Syin', 'Tan Ah Hwee', 'Lee Bu Sung Francis', 'Sourav S Bhowmick', 'Cai Jianfei', 'Yeo Chai Kiat', 'Cham Tat Jen']","['Deepu Rajan', 'Tan Ah Hwee', 'Cai Jianfei', 'Lee Bu Sung Francis', 'Chan Syin', 'Sourav S Bhowmick', 'Yeo Chai Kiat', 'Cham Tat Jen']","['Deepu Rajan', 'Tan Ah Hwee', 'Cham Tat Jen', 'Lin Weisi', 'Lee Bu Sung Francis', 'Chan Syin', 'Sourav S Bhowmick', 'Cai Jianfei', 'Yeo Chai Kiat']","['Lee Bu Sung Francis', 'Deepu Rajan', 'Chan Syin', 'Sourav S Bhowmick', 'Cai Jianfei', 'Yeo Chai Kiat', 'Cham Tat Jen', 'Tan Ah Hwee', 'Lin Weisi']","['Tan Ah Hwee', 'Lin Weisi', 'Deepu Rajan', 'Lee Bu Sung Francis', 'Chan Syin', 'Sourav S Bhowmick', 'Cai Jianfei', 'Yeo Chai Kiat', 'Cham Tat Jen']","['Deepu Rajan', 'Lee Bu Sung Francis', 'Chan Syin', 'Sourav S Bhowmick', 'Cai Jianfei', 'Yeo Chai Kiat', 'Cham Tat Jen', 'Tan Ah Hwee', 'Lin Weisi']","['Lee Bu Sung Francis', 'Deepu Rajan', 'Chan Syin', 'Sourav S Bhowmick', 'Cai Jianfei', 'Yeo Chai Kiat', 'Cham Tat Jen', 'Tan Ah Hwee', 'Lin Weisi']","['Lee Bu Sung Francis', 'Deepu Rajan', 'Chan Syin', 'Sourav S Bhowmick', 'Cai Jianfei', 'Yeo Chai Kiat', 'Cham Tat Jen', 'Tan Ah Hwee', 'Lin Weisi']","['Lee Bu Sung Francis', 'Deepu Rajan', 'Chan Syin', 'Sourav S Bhowmick', 'Cai Jianfei', 'Yeo Chai Kiat', 'Cham Tat Jen', 'Tan Ah Hwee', 'Lin Weisi']","['Quek Hiok Chai', 'Lee Bu Sung Francis', 'Deepu Rajan', 'Chan Syin', 'Sourav S Bhowmick', 'Cai Jianfei', 'Yeo Chai Kiat', 'Cham Tat Jen', 'Tan Ah Hwee', 'Lin Weisi']","['Lee Bu Sung Francis', 'Deepu Rajan', 'Chan Syin', 'Sourav S Bhowmick', 'Cai Jianfei', 'Yeo Chai Kiat', 'Cham Tat Jen', 'Tan Ah Hwee', 'Lin Weisi', 'Quek Hiok Chai']","['Lee Bu Sung Francis', 'Yeo Chai Kiat', 'Deepu Rajan', 'Chan Syin', 'Sourav S Bhowmick', 'Cai Jianfei', 'Cham Tat Jen', 'Tan Ah Hwee', 'Lin Weisi', 'Quek Hiok Chai']","['Lee Bu Sung Francis', 'Deepu Rajan', 'Chan Syin', 'Sourav S Bhowmick', 'Cai Jianfei', 'Yeo Chai Kiat', 'Cham Tat Jen', 'Tan Ah Hwee', 'Lin Weisi', 'Quek Hiok Chai']","['Deepu Rajan', 'Lee Bu Sung Francis', 'Chan Syin', 'Sourav S Bhowmick', 'Cai Jianfei', 'Yeo Chai Kiat', 'Cham Tat Jen', 'Tan Ah Hwee', 'Lin Weisi', 'Quek Hiok Chai']"
12,Chng Eng Siong,Associate Professor,M,N,AI/ML,0,[],[],[],[],['Guan Cuntai'],['Guan Cuntai'],['Guan Cuntai'],['Guan Cuntai'],"['Goh Wooi Boon', 'Guan Cuntai']","['Deepu Rajan', 'Guan Cuntai', 'Goh Wooi Boon']","['Guan Cuntai', 'Goh Wooi Boon', 'Deepu Rajan']","['Guan Cuntai', 'Goh Wooi Boon', 'Deepu Rajan']","['Guan Cuntai', 'Goh Wooi Boon', 'Deepu Rajan']","['Lee Bu Sung Francis', 'Guan Cuntai', 'Goh Wooi Boon', 'Deepu Rajan']","['Guan Cuntai', 'Goh Wooi Boon', 'Deepu Rajan', 'Lee Bu Sung Francis']","['Erik Cambria', 'Guan Cuntai', 'Goh Wooi Boon', 'Deepu Rajan', 'Lee Bu Sung Francis']","['Guan Cuntai', 'Goh Wooi Boon', 'Deepu Rajan', 'Lee Bu Sung Francis', 'Erik Cambria']","['Shen Zhiqi', 'Miao Chunyan', 'Guan Cuntai', 'Goh Wooi Boon', 'Deepu Rajan', 'Lee Bu Sung Francis', 'Erik Cambria']","['Guan Cuntai', 'Goh Wooi Boon', 'Deepu Rajan', 'Lee Bu Sung Francis', 'Erik Cambria', 'Shen Zhiqi', 'Miao Chunyan']","['Guan Cuntai', 'Goh Wooi Boon', 'Deepu Rajan', 'Lee Bu Sung Francis', 'Erik Cambria', 'Shen Zhiqi', 'Miao Chunyan']","['Sun Aixin', 'Guan Cuntai', 'Goh Wooi Boon', 'Deepu Rajan', 'Lee Bu Sung Francis', 'Erik Cambria', 'Shen Zhiqi', 'Miao Chunyan']","['Guan Cuntai', 'Goh Wooi Boon', 'Deepu Rajan', 'Lee Bu Sung Francis', 'Erik Cambria', 'Shen Zhiqi', 'Miao Chunyan', 'Sun Aixin']"
13,Cong Gao,Professor,M,N,Data Mining,31,[],[],[],[],[],[],[],[],[],[],[],[],"['Sun Aixin', 'Miao Chunyan', 'Hui Siu Cheung']","['Sun Aixin', 'Seah Hock Soon', 'Miao Chunyan', 'Hui Siu Cheung']","['Sun Aixin', 'Sourav S Bhowmick', 'Miao Chunyan', 'Hui Siu Cheung', 'Seah Hock Soon']","['Sun Aixin', 'Miao Chunyan', 'Hui Siu Cheung', 'Seah Hock Soon', 'Sourav S Bhowmick']","['Miao Chunyan', 'Sun Aixin', 'Sourav S Bhowmick', 'Hui Siu Cheung', 'Seah Hock Soon']","['Miao Chunyan', 'Sourav S Bhowmick', 'Bo An', 'Sun Aixin', 'Hui Siu Cheung', 'Seah Hock Soon']","['Sourav S Bhowmick', 'Sun Aixin', 'Joty Shafiq Rayhan', 'Arijit Khan', 'Long Cheng', 'Miao Chunyan', 'Hui Siu Cheung', 'Seah Hock Soon', 'Bo An']","['Long Cheng', 'Sun Aixin', 'Miao Chunyan', 'Hui Siu Cheung', 'Seah Hock Soon', 'Sourav S Bhowmick', 'Bo An', 'Joty Shafiq Rayhan', 'Arijit Khan']","['Long Cheng', 'Sourav S Bhowmick', 'Arijit Khan', 'Sun Aixin', 'Miao Chunyan', 'Hui Siu Cheung', 'Seah Hock Soon', 'Bo An', 'Joty Shafiq Rayhan']","['Sun Aixin', 'Miao Chunyan', 'Hui Siu Cheung', 'Seah Hock Soon', 'Sourav S Bhowmick', 'Bo An', 'Joty Shafiq Rayhan', 'Arijit Khan', 'Long Cheng']"
14,Deepu Rajan,Associate Professor,M,N,Computer Vision,9,[],[],[],['Chia Liang Tien Clement'],"['Chia Liang Tien Clement', 'Chan Syin']","['Chia Liang Tien Clement', 'Chan Syin']","['Chia Liang Tien Clement', 'Cai Jianfei', 'Lee Bu Sung Francis', 'Chan Syin']","['Chia Liang Tien Clement', 'Cham Tat Jen', 'Cai Jianfei', 'Chan Syin', 'Lee Bu Sung Francis']","['Chia Liang Tien Clement', 'Chan Syin', 'Cai Jianfei', 'Lee Bu Sung Francis', 'Cham Tat Jen']","['Chia Liang Tien Clement', 'Tan Ah Hwee', 'Chng Eng Siong', 'Chan Syin', 'Cai Jianfei', 'Lee Bu Sung Francis', 'Cham Tat Jen']","['Chia Liang Tien Clement', 'Chan Syin', 'Cai Jianfei', 'Lee Bu Sung Francis', 'Cham Tat Jen', 'Tan Ah Hwee', 'Chng Eng Siong']","['Chia Liang Tien Clement', 'Chan Syin', 'Cai Jianfei', 'Lee Bu Sung Francis', 'Cham Tat Jen', 'Tan Ah Hwee', 'Chng Eng Siong']","['Chia Liang Tien Clement', 'Chan Syin', 'Cai Jianfei', 'Lee Bu Sung Francis', 'Cham Tat Jen', 'Tan Ah Hwee', 'Chng Eng Siong']","['Chia Liang Tien Clement', 'Chan Syin', 'Cai Jianfei', 'Lee Bu Sung Francis', 'Cham Tat Jen', 'Tan Ah Hwee', 'Chng Eng Siong']","['Chia Liang Tien Clement', 'Chan Syin', 'Cai Jianfei', 'Lee Bu Sung Francis', 'Cham Tat Jen', 'Tan Ah Hwee', 'Chng Eng Siong']","['Chia Liang Tien Clement', 'Chan Syin', 'Cai Jianfei', 'Lee Bu Sung Francis', 'Cham Tat Jen', 'Tan Ah Hwee', 'Chng Eng Siong']","['Lee Bu Sung Francis', 'Quek Hiok Chai', 'Chia Liang Tien Clement', 'Chan Syin', 'Cai Jianfei', 'Cham Tat Jen', 'Tan Ah Hwee', 'Chng Eng Siong']","['Quek Hiok Chai', 'Chia Liang Tien Clement', 'Chan Syin', 'Cai Jianfei', 'Lee Bu Sung Francis', 'Cham Tat Jen', 'Tan Ah Hwee', 'Chng Eng Siong']","['Quek Hiok Chai', 'Chia Liang Tien Clement', 'Chan Syin', 'Cai Jianfei', 'Lee Bu Sung Francis', 'Cham Tat Jen', 'Tan Ah Hwee', 'Chng Eng Siong']","['Lee Bu Sung Francis', 'Quek Hiok Chai', 'Chia Liang Tien Clement', 'Chan Syin', 'Cai Jianfei', 'Cham Tat Jen', 'Tan Ah Hwee', 'Chng Eng Siong']","['Quek Hiok Chai', 'Chia Liang Tien Clement', 'Chan Syin', 'Cai Jianfei', 'Lee Bu Sung Francis', 'Cham Tat Jen', 'Tan Ah Hwee', 'Chng Eng Siong']","['Chia Liang Tien Clement', 'Chan Syin', 'Cai Jianfei', 'Lee Bu Sung Francis', 'Cham Tat Jen', 'Tan Ah Hwee', 'Chng Eng Siong', 'Quek Hiok Chai']"
15,Douglas Leslie Maskell,Associate Professor,M,N,Computer Architecture,0,[],[],[],[],[],[],"['Thambipillai Srikanthan', 'Quek Hiok Chai']","['Quek Hiok Chai', 'Thambipillai Srikanthan', 'Goh Wooi Boon']","['Thambipillai Srikanthan', 'Quek Hiok Chai', 'Goh Wooi Boon']","['Thambipillai Srikanthan', 'Quek Hiok Chai', 'Goh Wooi Boon']","['Quek Hiok Chai', 'Thambipillai Srikanthan', 'Goh Wooi Boon']","['Quek Hiok Chai', 'Thambipillai Srikanthan', 'Goh Wooi Boon']","['Thambipillai Srikanthan', 'Quek Hiok Chai', 'Goh Wooi Boon']","['Quek Hiok Chai', 'Thambipillai Srikanthan', 'Goh Wooi Boon']","['Thambipillai Srikanthan', 'Quek Hiok Chai', 'Goh Wooi Boon']","['Quek Hiok Chai', 'Thambipillai Srikanthan', 'Goh Wooi Boon']","['Thambipillai Srikanthan', 'Quek Hiok Chai', 'Goh Wooi Boon']","['Thambipillai Srikanthan', 'Quek Hiok Chai', 'Goh Wooi Boon']","['Thambipillai Srikanthan', 'Quek Hiok Chai', 'Goh Wooi Boon']","['Thambipillai Srikanthan', 'Quek Hiok Chai', 'Goh Wooi Boon']","['Thambipillai Srikanthan', 'Quek Hiok Chai', 'Goh Wooi Boon']","['Thambipillai Srikanthan', 'Quek Hiok Chai', 'Goh Wooi Boon']"
16,Dusit Niyato,Professor,M,N,Computer Networks,0,[],[],[],[],[],[],[],[],[],['Lee Bu Sung Francis'],"['Yu Han', 'Shen Zhiqi', 'Miao Chunyan', 'Lee Bu Sung Francis']","['Cai Jianfei', 'Lee Bu Sung Francis', 'Yu Han', 'Shen Zhiqi', 'Miao Chunyan']","['Lee Bu Sung Francis', 'Yu Han', 'Shen Zhiqi', 'Miao Chunyan', 'Cai Jianfei']","['Lee Bu Sung Francis', 'Yu Han', 'Shen Zhiqi', 'Miao Chunyan', 'Cai Jianfei']","['Lee Bu Sung Francis', 'Wen Yonggang', 'Zhang Jie', 'A S Madhukumar', 'Yu Han', 'Shen Zhiqi', 'Miao Chunyan', 'Cai Jianfei']","['Wen Yonggang', 'Lee Bu Sung Francis', 'Yu Han', 'Shen Zhiqi', 'Miao Chunyan', 'Cai Jianfei', 'Zhang Jie', 'A S Madhukumar']","['Zhang Jie', 'A S Madhukumar', 'Lee Bu Sung Francis', 'Yu Han', 'Shen Zhiqi', 'Miao Chunyan', 'Cai Jianfei', 'Wen Yonggang']","['Wen Yonggang', 'Bo An', 'Miao Chunyan', 'Zhang Jie', 'Luo Jun', 'Tan Rui', 'Lee Bu Sung Francis', 'Yu Han', 'Shen Zhiqi', 'Cai Jianfei', 'A S Madhukumar']","['Luo Jun', 'Tan Rui', 'Wen Yonggang', 'Zhao Jun', 'Lee Bu Sung Francis', 'Yu Han', 'Shen Zhiqi', 'Miao Chunyan', 'Cai Jianfei', 'Zhang Jie', 'A S Madhukumar', 'Bo An']","['Wen Yonggang', 'Luo Jun', 'Zhao Jun', 'Yu Han', 'Tan Rui', 'Miao Chunyan', 'Lam Kwok Yan', 'Lee Bu Sung Francis', 'Shen Zhiqi', 'Cai Jianfei', 'Zhang Jie', 'A S Madhukumar', 'Bo An']","['Miao Chunyan', 'Yu Han', 'Zhao Jun', 'Wen Yonggang', 'Lam Kwok Yan', 'Lee Bu Sung Francis', 'Shen Zhiqi', 'Cai Jianfei', 'Zhang Jie', 'A S Madhukumar', 'Bo An', 'Luo Jun', 'Tan Rui']","['Zhao Jun', 'Lam Kwok Yan', 'Tan Rui', 'Lee Bu Sung Francis', 'Yu Han', 'Shen Zhiqi', 'Miao Chunyan', 'Cai Jianfei', 'Wen Yonggang', 'Zhang Jie', 'A S Madhukumar', 'Bo An', 'Luo Jun']"
17,Erik Cambria,Associate Professor,M,N,AI/ML,3,[],[],[],[],[],[],[],[],[],[],[],[],[],['Ong Yew Soon'],['Ong Yew Soon'],"['Chng Eng Siong', 'Ong Yew Soon']","['Ong Yew Soon', 'Chng Eng Siong']","['Anupam Chattopadhyay', 'Sun Aixin', 'Ong Yew Soon', 'Chng Eng Siong']","['Rajapakse Jagath Chandana', 'Ong Yew Soon', 'Chng Eng Siong', 'Anupam Chattopadhyay', 'Sun Aixin']","['Ong Yew Soon', 'Chng Eng Siong', 'Anupam Chattopadhyay', 'Sun Aixin', 'Rajapakse Jagath Chandana']","['Ong Yew Soon', 'Chng Eng Siong', 'Anupam Chattopadhyay', 'Sun Aixin', 'Rajapakse Jagath Chandana']","['Ong Yew Soon', 'Chng Eng Siong', 'Anupam Chattopadhyay', 'Sun Aixin', 'Rajapakse Jagath Chandana']"
18,Goh Wooi Boon,Associate Professor,M,N,HCI,9,[],[],[],[],[],[],[],"['Douglas Leslie Maskell', 'Thambipillai Srikanthan', 'Vun Chan Hua Nicholas']","['Chng Eng Siong', 'Douglas Leslie Maskell', 'Thambipillai Srikanthan', 'Vun Chan Hua Nicholas']","['Douglas Leslie Maskell', 'Thambipillai Srikanthan', 'Vun Chan Hua Nicholas', 'Chng Eng Siong']","['Douglas Leslie Maskell', 'Thambipillai Srikanthan', 'Vun Chan Hua Nicholas', 'Chng Eng Siong']","['Douglas Leslie Maskell', 'Thambipillai Srikanthan', 'Vun Chan Hua Nicholas', 'Chng Eng Siong']","['Douglas Leslie Maskell', 'Thambipillai Srikanthan', 'Vun Chan Hua Nicholas', 'Chng Eng Siong']","['Douglas Leslie Maskell', 'Thambipillai Srikanthan', 'Vun Chan Hua Nicholas', 'Chng Eng Siong']","['Douglas Leslie Maskell', 'Thambipillai Srikanthan', 'Vun Chan Hua Nicholas', 'Chng Eng Siong']","['Douglas Leslie Maskell', 'Thambipillai Srikanthan', 'Vun Chan Hua Nicholas', 'Chng Eng Siong']","['Douglas Leslie Maskell', 'Thambipillai Srikanthan', 'Vun Chan Hua Nicholas', 'Chng Eng Siong']","['Quek Hiok Chai', 'Guan Cuntai', 'Douglas Leslie Maskell', 'Thambipillai Srikanthan', 'Vun Chan Hua Nicholas', 'Chng Eng Siong']","['Guan Cuntai', 'Douglas Leslie Maskell', 'Thambipillai Srikanthan', 'Vun Chan Hua Nicholas', 'Chng Eng Siong', 'Quek Hiok Chai']","['Guan Cuntai', 'Tan Kheng Leong', 'Douglas Leslie Maskell', 'Thambipillai Srikanthan', 'Vun Chan Hua Nicholas', 'Chng Eng Siong', 'Quek Hiok Chai']","['Douglas Leslie Maskell', 'Thambipillai Srikanthan', 'Vun Chan Hua Nicholas', 'Chng Eng Siong', 'Quek Hiok Chai', 'Guan Cuntai', 'Tan Kheng Leong']","['Douglas Leslie Maskell', 'Thambipillai Srikanthan', 'Vun Chan Hua Nicholas', 'Chng Eng Siong', 'Quek Hiok Chai', 'Guan Cuntai', 'Tan Kheng Leong']"
19,Guan Cuntai,Professor,M,N,AI/ML,0,[],[],[],[],['Chng Eng Siong'],['Chng Eng Siong'],['Chng Eng Siong'],['Chng Eng Siong'],"['Quek Hiok Chai', 'Lu Shijian', 'Chng Eng Siong']","['Lau Chiew Tong', 'Quek Hiok Chai', 'Chng Eng Siong', 'Lu Shijian']","['Lau Chiew Tong', 'Quek Hiok Chai', 'Chng Eng Siong', 'Lu Shijian']","['Quek Hiok Chai', 'Pan Sinno Jialin', 'Chng Eng Siong', 'Lu Shijian', 'Lau Chiew Tong']","['Quek Hiok Chai', 'Chng Eng Siong', 'Lu Shijian', 'Lau Chiew Tong', 'Pan Sinno Jialin']","['Quek Hiok Chai', 'Chng Eng Siong', 'Lu Shijian', 'Lau Chiew Tong', 'Pan Sinno Jialin']","['Quek Hiok Chai', 'Kwoh Chee Keong', 'Chng Eng Siong', 'Lu Shijian', 'Lau Chiew Tong', 'Pan Sinno Jialin']","['Quek Hiok Chai', 'Chng Eng Siong', 'Lu Shijian', 'Lau Chiew Tong', 'Pan Sinno Jialin', 'Kwoh Chee Keong']","['Chng Eng Siong', 'Quek Hiok Chai', 'Lu Shijian', 'Lau Chiew Tong', 'Pan Sinno Jialin', 'Kwoh Chee Keong']","['Goh Wooi Boon', 'Chng Eng Siong', 'Quek Hiok Chai', 'Lu Shijian', 'Lau Chiew Tong', 'Pan Sinno Jialin', 'Kwoh Chee Keong']","['Goh Wooi Boon', 'Chng Eng Siong', 'Quek Hiok Chai', 'Lu Shijian', 'Lau Chiew Tong', 'Pan Sinno Jialin', 'Kwoh Chee Keong']","['Goh Wooi Boon', 'Chng Eng Siong', 'Quek Hiok Chai', 'Lu Shijian', 'Lau Chiew Tong', 'Pan Sinno Jialin', 'Kwoh Chee Keong']","['Anupam Chattopadhyay', 'Quek Hiok Chai', 'Chng Eng Siong', 'Lu Shijian', 'Lau Chiew Tong', 'Pan Sinno Jialin', 'Kwoh Chee Keong', 'Goh Wooi Boon']","['Chng Eng Siong', 'Quek Hiok Chai', 'Lu Shijian', 'Lau Chiew Tong', 'Pan Sinno Jialin', 'Kwoh Chee Keong', 'Goh Wooi Boon', 'Anupam Chattopadhyay']"
20,He Ying,Associate Professor,M,N,Computer Graphics,10,[],[],[],[],[],[],[],['Seah Hock Soon'],['Seah Hock Soon'],['Seah Hock Soon'],['Seah Hock Soon'],"['Luo Jun', 'Seah Hock Soon']","['Seah Hock Soon', 'Luo Jun']","['Kwoh Chee Keong', 'Luo Jun', 'Miao Chunyan', 'Seah Hock Soon']","['Luo Jun', 'Seah Hock Soon', 'Kwoh Chee Keong', 'Miao Chunyan']","['Luo Jun', 'Seah Hock Soon', 'Kwoh Chee Keong', 'Miao Chunyan']","['Miao Chunyan', 'Luo Jun', 'Seah Hock Soon', 'Kwoh Chee Keong']","['Luo Jun', 'Seah Hock Soon', 'Kwoh Chee Keong', 'Miao Chunyan']","['Luo Jun', 'Seah Hock Soon', 'Kwoh Chee Keong', 'Miao Chunyan']","['Zheng Jianmin', 'Luo Jun', 'Seah Hock Soon', 'Kwoh Chee Keong', 'Miao Chunyan']","['Seah Hock Soon', 'Luo Jun', 'Kwoh Chee Keong', 'Miao Chunyan', 'Zheng Jianmin']","['Seah Hock Soon', 'Luo Jun', 'Kwoh Chee Keong', 'Miao Chunyan', 'Zheng Jianmin']"
21,Huang Shell Ying,Senior Lecturer,F,N,Distributed Systems,0,['Cai Wentong'],['Cai Wentong'],['Cai Wentong'],['Cai Wentong'],"['Lee Bu Sung Francis', 'Cai Wentong']","['Cai Wentong', 'Lee Bu Sung Francis']","['Cai Wentong', 'Lee Bu Sung Francis']","['Cai Wentong', 'Lee Bu Sung Francis']","['Cai Wentong', 'Lee Bu Sung Francis']","['Cai Wentong', 'Lee Bu Sung Francis']","['Shen Zhiqi', 'Miao Chunyan', 'Cai Wentong', 'Lee Bu Sung Francis']","['Miao Chunyan', 'Cai Wentong', 'Lee Bu Sung Francis', 'Shen Zhiqi']","['Cai Wentong', 'Lee Bu Sung Francis', 'Shen Zhiqi', 'Miao Chunyan']","['Cai Wentong', 'Lee Bu Sung Francis', 'Shen Zhiqi', 'Miao Chunyan']","['Cai Wentong', 'Lee Bu Sung Francis', 'Shen Zhiqi', 'Miao Chunyan']","['Cai Wentong', 'Lee Bu Sung Francis', 'Shen Zhiqi', 'Miao Chunyan']","['Cai Wentong', 'Lee Bu Sung Francis', 'Shen Zhiqi', 'Miao Chunyan']","['Cai Wentong', 'Lee Bu Sung Francis', 'Shen Zhiqi', 'Miao Chunyan']","['Cai Wentong', 'Lee Bu Sung Francis', 'Shen Zhiqi', 'Miao Chunyan']","['Cai Wentong', 'Lee Bu Sung Francis', 'Shen Zhiqi', 'Miao Chunyan']","['Cai Wentong', 'Lee Bu Sung Francis', 'Shen Zhiqi', 'Miao Chunyan']","['Cai Wentong', 'Lee Bu Sung Francis', 'Shen Zhiqi', 'Miao Chunyan']"
22,Hui Siu Cheung,Associate Professor,M,N,Information Retrieval,6,['Yeo Chai Kiat'],"['Yeo Chai Kiat', 'Lee Bu Sung Francis', 'Lau Chiew Tong']","['Yeo Chai Kiat', 'Lee Bu Sung Francis', 'Lau Chiew Tong']","['Yeo Chai Kiat', 'Lee Bu Sung Francis', 'Lau Chiew Tong']","['Yeo Chai Kiat', 'Lee Bu Sung Francis', 'Lau Chiew Tong']","['Yeo Chai Kiat', 'Lee Bu Sung Francis', 'Lau Chiew Tong']","['Yeo Chai Kiat', 'Lee Bu Sung Francis', 'Lau Chiew Tong']","['Yeo Chai Kiat', 'Lee Bu Sung Francis', 'Lau Chiew Tong']","['Yeo Chai Kiat', 'Lee Bu Sung Francis', 'Lau Chiew Tong']","['Yeo Chai Kiat', 'Lee Bu Sung Francis', 'Lau Chiew Tong']","['Yeo Chai Kiat', 'Lee Bu Sung Francis', 'Lau Chiew Tong']","['Yeo Chai Kiat', 'Lee Bu Sung Francis', 'Lau Chiew Tong']","['Cong Gao', 'Yeo Chai Kiat', 'Lee Bu Sung Francis', 'Lau Chiew Tong']","['Yeo Chai Kiat', 'Lee Bu Sung Francis', 'Lau Chiew Tong', 'Cong Gao']","['Yeo Chai Kiat', 'Lee Bu Sung Francis', 'Lau Chiew Tong', 'Cong Gao']","['Yeo Chai Kiat', 'Lee Bu Sung Francis', 'Lau Chiew Tong', 'Cong Gao']","['Luu Anh Tuan', 'Yeo Chai Kiat', 'Lee Bu Sung Francis', 'Lau Chiew Tong', 'Cong Gao']","['Luu Anh Tuan', 'Yeo Chai Kiat', 'Lee Bu Sung Francis', 'Lau Chiew Tong', 'Cong Gao']","['Luu Anh Tuan', 'Yeo Chai Kiat', 'Lee Bu Sung Francis', 'Lau Chiew Tong', 'Cong Gao']","['Luu Anh Tuan', 'Zhao Jun', 'Yeo Chai Kiat', 'Lee Bu Sung Francis', 'Lau Chiew Tong', 'Cong Gao']","['Yeo Chai Kiat', 'Lee Bu Sung Francis', 'Lau Chiew Tong', 'Cong Gao', 'Luu Anh Tuan', 'Zhao Jun']","['Luu Anh Tuan', 'Yeo Chai Kiat', 'Lee Bu Sung Francis', 'Lau Chiew Tong', 'Cong Gao', 'Zhao Jun']"
23,Joty Shafiq Rayhan,Assistant Professor,M,N,AI/ML,6,[],[],[],[],[],[],[],[],[],[],[],[],[],[],[],[],[],['Cai Jianfei'],"['Cong Gao', 'Cai Jianfei', 'Sun Aixin']","['Cai Jianfei', 'Sourav S Bhowmick', 'Cong Gao', 'Sun Aixin']","['Cai Jianfei', 'Miao Chunyan', 'Cong Gao', 'Sun Aixin', 'Sourav S Bhowmick']","['Cai Jianfei', 'Cong Gao', 'Sun Aixin', 'Sourav S Bhowmick', 'Miao Chunyan']"
24,Ke Yiping Kelly,Assistant Professor,F,N,AI/ML,5,[],[],[],[],[],[],[],[],[],[],[],[],[],[],[],[],[],['Ong Yew Soon'],['Ong Yew Soon'],['Ong Yew Soon'],['Ong Yew Soon'],['Ong Yew Soon']
25,Kong Wai-Kin Adams,Associate Professor,M,N,Computer Vision,2,[],[],[],[],[],[],[],[],[],[],[],[],[],[],[],[],[],[],['Lam Kwok Yan'],"['Lam Kwok Yan', 'Tan Rui']","['Lam Kwok Yan', 'Tan Rui']","['Lam Kwok Yan', 'Tan Rui']"
26,Kwoh Chee Keong,Associate Professor,M,N,Bioinformatics,1,[],[],[],[],[],[],['Ong Yew Soon'],['Ong Yew Soon'],['Ong Yew Soon'],['Ong Yew Soon'],['Ong Yew Soon'],['Ong Yew Soon'],['Ong Yew Soon'],"['He Ying', 'Ong Yew Soon']","['Guan Cuntai', 'Ong Yew Soon', 'He Ying']","['Lin Weisi', 'Ong Yew Soon', 'He Ying', 'Guan Cuntai']","['Lin Weisi', 'Ong Yew Soon', 'He Ying', 'Guan Cuntai']","['Ong Yew Soon', 'He Ying', 'Guan Cuntai', 'Lin Weisi']","['Ong Yew Soon', 'He Ying', 'Guan Cuntai', 'Lin Weisi']","['Ong Yew Soon', 'He Ying', 'Guan Cuntai', 'Lin Weisi']","['Ong Yew Soon', 'He Ying', 'Guan Cuntai', 'Lin Weisi']","['Ong Yew Soon', 'He Ying', 'Guan Cuntai', 'Lin Weisi']"
27,Lam Kwok Yan,Professor,M,N,Cyber Security,2,[],[],[],[],[],[],[],[],[],[],[],[],[],[],[],[],[],['Anupam Chattopadhyay'],"['Anupam Chattopadhyay', 'Kong Wai-Kin Adams', 'Sourav Sen Gupta']","['Kong Wai-Kin Adams', 'Zhao Jun', 'Dusit Niyato', 'Yu Han', 'Anupam Chattopadhyay', 'Sourav Sen Gupta']","['Kong Wai-Kin Adams', 'Dusit Niyato', 'Zhao Jun', 'Anupam Chattopadhyay', 'Sourav Sen Gupta', 'Yu Han']","['Zhao Jun', 'Dusit Niyato', 'Ng Wee Keong', 'Anupam Chattopadhyay', 'Kong Wai-Kin Adams', 'Sourav Sen Gupta', 'Yu Han']"
28,Lam Siew Kei,Assistant Professor,M,N,Computer Architecture,2,['Thambipillai Srikanthan'],['Thambipillai Srikanthan'],['Thambipillai Srikanthan'],['Thambipillai Srikanthan'],['Thambipillai Srikanthan'],['Thambipillai Srikanthan'],['Thambipillai Srikanthan'],['Thambipillai Srikanthan'],['Thambipillai Srikanthan'],['Thambipillai Srikanthan'],['Thambipillai Srikanthan'],['Thambipillai Srikanthan'],['Thambipillai Srikanthan'],['Thambipillai Srikanthan'],['Thambipillai Srikanthan'],['Thambipillai Srikanthan'],['Thambipillai Srikanthan'],['Thambipillai Srikanthan'],['Thambipillai Srikanthan'],['Thambipillai Srikanthan'],['Thambipillai Srikanthan'],['Thambipillai Srikanthan']
29,Lana Obraztsova ,Assistant Professor,F,N,AI/ML,0,[],[],[],[],[],[],[],[],[],[],[],[],[],[],['Zinovi Rabinovich'],['Zinovi Rabinovich'],['Zinovi Rabinovich'],['Zinovi Rabinovich'],['Zinovi Rabinovich'],['Zinovi Rabinovich'],['Zinovi Rabinovich'],"['Zinovi Rabinovich', 'Bo An']"
30,Lau Chiew Tong,Associate Professor,M,N,Computer Networks,1,"['Lee Bu Sung Francis', 'Vun Chan Hua Nicholas']","['Hui Siu Cheung', 'Yeo Chai Kiat', 'Lee Bu Sung Francis', 'Vun Chan Hua Nicholas']","['A S Madhukumar', 'Lee Bu Sung Francis', 'Vun Chan Hua Nicholas', 'Hui Siu Cheung', 'Yeo Chai Kiat']","['Lee Bu Sung Francis', 'Vun Chan Hua Nicholas', 'Hui Siu Cheung', 'Yeo Chai Kiat', 'A S Madhukumar']","['Lee Bu Sung Francis', 'Vun Chan Hua Nicholas', 'Hui Siu Cheung', 'Yeo Chai Kiat', 'A S Madhukumar']","['Lee Bu Sung Francis', 'Vun Chan Hua Nicholas', 'Hui Siu Cheung', 'Yeo Chai Kiat', 'A S Madhukumar']","['Lee Bu Sung Francis', 'Vun Chan Hua Nicholas', 'Hui Siu Cheung', 'Yeo Chai Kiat', 'A S Madhukumar']","['Lee Bu Sung Francis', 'Cai Jianfei', 'Vun Chan Hua Nicholas', 'Hui Siu Cheung', 'Yeo Chai Kiat', 'A S Madhukumar']","['Cai Jianfei', 'Lee Bu Sung Francis', 'Vun Chan Hua Nicholas', 'Hui Siu Cheung', 'Yeo Chai Kiat', 'A S Madhukumar']","['Guan Cuntai', 'Lee Bu Sung Francis', 'Vun Chan Hua Nicholas', 'Hui Siu Cheung', 'Yeo Chai Kiat', 'A S Madhukumar', 'Cai Jianfei']","['Lin Weisi', 'Lee Bu Sung Francis', 'Guan Cuntai', 'Vun Chan Hua Nicholas', 'Hui Siu Cheung', 'Yeo Chai Kiat', 'A S Madhukumar', 'Cai Jianfei']","['Lin Weisi', 'Lee Bu Sung Francis', 'A S Madhukumar', 'Chan Syin', 'Vun Chan Hua Nicholas', 'Hui Siu Cheung', 'Yeo Chai Kiat', 'Cai Jianfei', 'Guan Cuntai']","['Lin Weisi', 'Lee Bu Sung Francis', 'Chan Syin', 'Vun Chan Hua Nicholas', 'Hui Siu Cheung', 'Yeo Chai Kiat', 'A S Madhukumar', 'Cai Jianfei', 'Guan Cuntai']","['Lin Weisi', 'Lee Bu Sung Francis', 'Chan Syin', 'Vun Chan Hua Nicholas', 'Hui Siu Cheung', 'Yeo Chai Kiat', 'A S Madhukumar', 'Cai Jianfei', 'Guan Cuntai']","['Chan Syin', 'Lin Weisi', 'Lee Bu Sung Francis', 'Vun Chan Hua Nicholas', 'Hui Siu Cheung', 'Yeo Chai Kiat', 'A S Madhukumar', 'Cai Jianfei', 'Guan Cuntai']","['Chan Syin', 'Yeo Chai Kiat', 'Lee Bu Sung Francis', 'Vun Chan Hua Nicholas', 'Hui Siu Cheung', 'A S Madhukumar', 'Cai Jianfei', 'Guan Cuntai', 'Lin Weisi']","['Chan Syin', 'Lee Bu Sung Francis', 'Vun Chan Hua Nicholas', 'Hui Siu Cheung', 'Yeo Chai Kiat', 'A S Madhukumar', 'Cai Jianfei', 'Guan Cuntai', 'Lin Weisi']","['Yeo Chai Kiat', 'Lee Bu Sung Francis', 'Chan Syin', 'Vun Chan Hua Nicholas', 'Hui Siu Cheung', 'A S Madhukumar', 'Cai Jianfei', 'Guan Cuntai', 'Lin Weisi']","['Yeo Chai Kiat', 'Lee Bu Sung Francis', 'Vun Chan Hua Nicholas', 'Hui Siu Cheung', 'A S Madhukumar', 'Cai Jianfei', 'Guan Cuntai', 'Lin Weisi', 'Chan Syin']","['Lee Bu Sung Francis', 'Vun Chan Hua Nicholas', 'Hui Siu Cheung', 'Yeo Chai Kiat', 'A S Madhukumar', 'Cai Jianfei', 'Guan Cuntai', 'Lin Weisi', 'Chan Syin']","['Chan Syin', 'Lee Bu Sung Francis', 'Vun Chan Hua Nicholas', 'Hui Siu Cheung', 'Yeo Chai Kiat', 'A S Madhukumar', 'Cai Jianfei', 'Guan Cuntai', 'Lin Weisi']","['Yeo Chai Kiat', 'Lee Bu Sung Francis', 'Vun Chan Hua Nicholas', 'Hui Siu Cheung', 'A S Madhukumar', 'Cai Jianfei', 'Guan Cuntai', 'Lin Weisi', 'Chan Syin']"
31,Lee Bu Sung Francis,Associate Professor,M,N,Computer Networks,1,"['Yeo Chai Kiat', 'Lau Chiew Tong', 'Vun Chan Hua Nicholas', 'Cai Wentong']","['Yeo Chai Kiat', 'Hui Siu Cheung', 'Chia Liang Tien Clement', 'Cai Wentong', 'Lau Chiew Tong', 'Vun Chan Hua Nicholas']","['Yeo Chai Kiat', 'Cai Wentong', 'Lau Chiew Tong', 'Vun Chan Hua Nicholas', 'Hui Siu Cheung', 'Chia Liang Tien Clement']","['Cai Wentong', 'Lau Chiew Tong', 'Yeo Chai Kiat', 'Chia Liang Tien Clement', 'Vun Chan Hua Nicholas', 'Hui Siu Cheung']","['Yeo Chai Kiat', 'Cai Wentong', 'Chia Liang Tien Clement', 'Ong Yew Soon', 'Huang Shell Ying', 'Lau Chiew Tong', 'Vun Chan Hua Nicholas', 'Hui Siu Cheung']","['Yeo Chai Kiat', 'Tang Xueyan', 'Chia Liang Tien Clement', 'Cai Wentong', 'Ong Yew Soon', 'Lau Chiew Tong', 'Vun Chan Hua Nicholas', 'Hui Siu Cheung', 'Huang Shell Ying']","['Tang Xueyan', 'Yeo Chai Kiat', 'Ong Yew Soon', 'Cai Wentong', 'Miao Chunyan', 'Chia Liang Tien Clement', 'Deepu Rajan', 'Cai Jianfei', 'Lau Chiew Tong', 'Vun Chan Hua Nicholas', 'Hui Siu Cheung', 'Huang Shell Ying']","['Ong Yew Soon', 'Yeo Chai Kiat', 'Cai Wentong', 'Lau Chiew Tong', 'Vun Chan Hua Nicholas', 'Hui Siu Cheung', 'Chia Liang Tien Clement', 'Huang Shell Ying', 'Tang Xueyan', 'Miao Chunyan', 'Deepu Rajan', 'Cai Jianfei']","['Miao Chunyan', 'Yeo Chai Kiat', 'Tang Xueyan', 'Lau Chiew Tong', 'Vun Chan Hua Nicholas', 'Cai Wentong', 'Hui Siu Cheung', 'Chia Liang Tien Clement', 'Ong Yew Soon', 'Huang Shell Ying', 'Deepu Rajan', 'Cai Jianfei']","['Cai Wentong', 'Miao Chunyan', 'Shen Zhiqi', 'Yeo Chai Kiat', 'Dusit Niyato', 'Lau Chiew Tong', 'Vun Chan Hua Nicholas', 'Hui Siu Cheung', 'Chia Liang Tien Clement', 'Ong Yew Soon', 'Huang Shell Ying', 'Tang Xueyan', 'Deepu Rajan', 'Cai Jianfei']","['Yeo Chai Kiat', 'Tang Xueyan', 'Lin Weisi', 'Lau Chiew Tong', 'Dusit Niyato', 'Vun Chan Hua Nicholas', 'Cai Wentong', 'Hui Siu Cheung', 'Chia Liang Tien Clement', 'Ong Yew Soon', 'Huang Shell Ying', 'Miao Chunyan', 'Deepu Rajan', 'Cai Jianfei', 'Shen Zhiqi']","['Lin Weisi', 'Lau Chiew Tong', 'Liang Qianhui', 'Tang Xueyan', 'Yeo Chai Kiat', 'Dusit Niyato', 'Vun Chan Hua Nicholas', 'Cai Wentong', 'Hui Siu Cheung', 'Chia Liang Tien Clement', 'Ong Yew Soon', 'Huang Shell Ying', 'Miao Chunyan', 'Deepu Rajan', 'Cai Jianfei', 'Shen Zhiqi']","['Yeo Chai Kiat', 'Lin Weisi', 'Lau Chiew Tong', 'Dusit Niyato', 'Liang Qianhui', 'Anwitaman Datta', 'Sun Aixin', 'Vun Chan Hua Nicholas', 'Cai Wentong', 'Hui Siu Cheung', 'Chia Liang Tien Clement', 'Ong Yew Soon', 'Huang Shell Ying', 'Tang Xueyan', 'Miao Chunyan', 'Deepu Rajan', 'Cai Jianfei', 'Shen Zhiqi']","['Yeo Chai Kiat', 'Lin Weisi', 'Lau Chiew Tong', 'Chng Eng Siong', 'Vun Chan Hua Nicholas', 'Cai Wentong', 'Hui Siu Cheung', 'Chia Liang Tien Clement', 'Ong Yew Soon', 'Huang Shell Ying', 'Tang Xueyan', 'Miao Chunyan', 'Deepu Rajan', 'Cai Jianfei', 'Shen Zhiqi', 'Dusit Niyato', 'Liang Qianhui', 'Anwitaman Datta', 'Sun Aixin']","['Liang Qianhui', 'Lin Weisi', 'Lau Chiew Tong', 'Dusit Niyato', 'Tang Xueyan', 'Yeo Chai Kiat', 'Vun Chan Hua Nicholas', 'Cai Wentong', 'Hui Siu Cheung', 'Chia Liang Tien Clement', 'Ong Yew Soon', 'Huang Shell Ying', 'Miao Chunyan', 'Deepu Rajan', 'Cai Jianfei', 'Shen Zhiqi', 'Anwitaman Datta', 'Sun Aixin', 'Chng Eng Siong']","['Yeo Chai Kiat', 'Lau Chiew Tong', 'Vun Chan Hua Nicholas', 'Cai Wentong', 'Hui Siu Cheung', 'Chia Liang Tien Clement', 'Ong Yew Soon', 'Huang Shell Ying', 'Tang Xueyan', 'Miao Chunyan', 'Deepu Rajan', 'Cai Jianfei', 'Shen Zhiqi', 'Dusit Niyato', 'Lin Weisi', 'Liang Qianhui', 'Anwitaman Datta', 'Sun Aixin', 'Chng Eng Siong']","['Deepu Rajan', 'Yeo Chai Kiat', 'Lau Chiew Tong', 'Vun Chan Hua Nicholas', 'Cai Wentong', 'Hui Siu Cheung', 'Chia Liang Tien Clement', 'Ong Yew Soon', 'Huang Shell Ying', 'Tang Xueyan', 'Miao Chunyan', 'Cai Jianfei', 'Shen Zhiqi', 'Dusit Niyato', 'Lin Weisi', 'Liang Qianhui', 'Anwitaman Datta', 'Sun Aixin', 'Chng Eng Siong']","['Yeo Chai Kiat', 'Lau Chiew Tong', 'Vun Chan Hua Nicholas', 'Cai Wentong', 'Hui Siu Cheung', 'Chia Liang Tien Clement', 'Ong Yew Soon', 'Huang Shell Ying', 'Tang Xueyan', 'Miao Chunyan', 'Deepu Rajan', 'Cai Jianfei', 'Shen Zhiqi', 'Dusit Niyato', 'Lin Weisi', 'Liang Qianhui', 'Anwitaman Datta', 'Sun Aixin', 'Chng Eng Siong']","['Yeo Chai Kiat', 'Lau Chiew Tong', 'Miao Chunyan', 'Vun Chan Hua Nicholas', 'Oh Hong Lye', 'Cai Wentong', 'Hui Siu Cheung', 'Chia Liang Tien Clement', 'Ong Yew Soon', 'Huang Shell Ying', 'Tang Xueyan', 'Deepu Rajan', 'Cai Jianfei', 'Shen Zhiqi', 'Dusit Niyato', 'Lin Weisi', 'Liang Qianhui', 'Anwitaman Datta', 'Sun Aixin', 'Chng Eng Siong']","['Deepu Rajan', 'Cai Wentong', 'Chia Liang Tien Clement', 'Yeo Chai Kiat', 'Lau Chiew Tong', 'Vun Chan Hua Nicholas', 'Hui Siu Cheung', 'Ong Yew Soon', 'Huang Shell Ying', 'Tang Xueyan', 'Miao Chunyan', 'Cai Jianfei', 'Shen Zhiqi', 'Dusit Niyato', 'Lin Weisi', 'Liang Qianhui', 'Anwitaman Datta', 'Sun Aixin', 'Chng Eng Siong', 'Oh Hong Lye']","['Yeo Chai Kiat', 'Cai Wentong', 'Chan Syin', 'Lau Chiew Tong', 'Vun Chan Hua Nicholas', 'Hui Siu Cheung', 'Chia Liang Tien Clement', 'Ong Yew Soon', 'Huang Shell Ying', 'Tang Xueyan', 'Miao Chunyan', 'Deepu Rajan', 'Cai Jianfei', 'Shen Zhiqi', 'Dusit Niyato', 'Lin Weisi', 'Liang Qianhui', 'Anwitaman Datta', 'Sun Aixin', 'Chng Eng Siong', 'Oh Hong Lye']","['Cai Wentong', 'Yeo Chai Kiat', 'Lau Chiew Tong', 'Vun Chan Hua Nicholas', 'Hui Siu Cheung', 'Chia Liang Tien Clement', 'Ong Yew Soon', 'Huang Shell Ying', 'Tang Xueyan', 'Miao Chunyan', 'Deepu Rajan', 'Cai Jianfei', 'Shen Zhiqi', 'Dusit Niyato', 'Lin Weisi', 'Liang Qianhui', 'Anwitaman Datta', 'Sun Aixin', 'Chng Eng Siong', 'Oh Hong Lye', 'Chan Syin']"
32,Li Fang Flora,Senior Lecturer,F,N,Computer Vision,0,[],[],[],[],[],[],[],[],[],[],[],[],[],[],[],[],[],[],[],[],[],[]
33,Li Mo,Associate Professor,M,N,Computer Networks,0,[],[],[],[],[],[],[],[],[],[],[],[],[],[],['Sun Chengzheng'],['Sun Chengzheng'],['Sun Chengzheng'],['Sun Chengzheng'],['Sun Chengzheng'],"['Zhao Jun', 'Sun Chengzheng']","['Sun Chengzheng', 'Zhao Jun']","['Sun Chengzheng', 'Zhao Jun']"
34,Li Yi,Assistant Professor,M,N,Software Engg,4,[],[],[],[],[],[],[],[],[],[],[],[],['Liu Yang'],['Liu Yang'],['Liu Yang'],['Liu Yang'],['Liu Yang'],['Liu Yang'],['Liu Yang'],"['Lin Shang-Wei', 'Liu Yang']","['Liu Yang', 'Lin Shang-Wei']","['Liu Yang', 'Lin Shang-Wei']"
35,Liang Qianhui,Lecturer,F,N,AI/ML,1,[],[],[],[],[],[],[],[],[],[],[],['Lee Bu Sung Francis'],['Lee Bu Sung Francis'],['Lee Bu Sung Francis'],['Lee Bu Sung Francis'],['Lee Bu Sung Francis'],['Lee Bu Sung Francis'],['Lee Bu Sung Francis'],['Lee Bu Sung Francis'],['Lee Bu Sung Francis'],['Lee Bu Sung Francis'],['Lee Bu Sung Francis']
36,Lin Feng,Associate Professor,M,N,Bioinformatics,0,['Seah Hock Soon'],['Seah Hock Soon'],['Seah Hock Soon'],['Seah Hock Soon'],['Seah Hock Soon'],['Seah Hock Soon'],['Seah Hock Soon'],['Seah Hock Soon'],['Seah Hock Soon'],"['Seah Hock Soon', 'Qian Kemao']","['Seah Hock Soon', 'Qian Kemao']","['Seah Hock Soon', 'Qian Kemao']","['Qian Kemao', 'Seah Hock Soon']","['Seah Hock Soon', 'Qian Kemao']","['Qian Kemao', 'Seah Hock Soon']","['Seah Hock Soon', 'Qian Kemao']","['Seah Hock Soon', 'Qian Kemao']","['Qian Kemao', 'Seah Hock Soon']","['Seah Hock Soon', 'Qian Kemao']","['Seah Hock Soon', 'Qian Kemao']","['Seah Hock Soon', 'Qian Kemao']","['Seah Hock Soon', 'Qian Kemao']"
37,Lin Guosheng,Assistant Professor,M,N,Computer Vision,20,[],[],[],[],[],[],[],[],[],[],[],[],[],[],[],[],[],[],"['Lin Weisi', 'Pan Sinno Jialin', 'Cai Jianfei']","['Cai Jianfei', 'Lin Weisi', 'Tan Rui', 'Pan Sinno Jialin']","['Lin Weisi', 'Cai Jianfei', 'Miao Chunyan', 'Tan Rui', 'Pan Sinno Jialin']","['Lin Weisi', 'Pan Sinno Jialin', 'Cai Jianfei', 'Tan Rui', 'Miao Chunyan']"
38,Lin Shang-Wei,Assistant Professor,M,N,Software Engg,1,[],[],[],[],[],[],[],[],[],[],[],['Liu Yang'],['Liu Yang'],['Liu Yang'],['Liu Yang'],['Liu Yang'],['Liu Yang'],['Liu Yang'],['Liu Yang'],"['Liu Yang', 'Li Yi']","['Liu Yang', 'Lin Weisi', 'Li Yi']","['Liu Yang', 'Li Yi', 'Lin Weisi']"
39,Lin Weisi,Professor,M,N,Multimedia,12,[],[],[],[],[],[],[],[],['Cai Jianfei'],['Cai Jianfei'],"['Lau Chiew Tong', 'Lee Bu Sung Francis', 'Chia Liang Tien Clement', 'Cai Jianfei']","['Lee Bu Sung Francis', 'Lau Chiew Tong', 'Cai Jianfei', 'Zheng Jianmin', 'Seah Hock Soon', 'Chia Liang Tien Clement']","['Seah Hock Soon', 'Chia Liang Tien Clement', 'Lee Bu Sung Francis', 'Lau Chiew Tong', 'Cai Jianfei', 'Zheng Jianmin']","['Lau Chiew Tong', 'Lee Bu Sung Francis', 'Thambipillai Srikanthan', 'Seah Hock Soon', 'Cai Jianfei', 'Chia Liang Tien Clement', 'Zheng Jianmin']","['Seah Hock Soon', 'Lau Chiew Tong', 'Lee Bu Sung Francis', 'Cai Jianfei', 'Chia Liang Tien Clement', 'Zheng Jianmin', 'Thambipillai Srikanthan']","['Kwoh Chee Keong', 'Cai Jianfei', 'Seah Hock Soon', 'Lau Chiew Tong', 'Lee Bu Sung Francis', 'Chia Liang Tien Clement', 'Zheng Jianmin', 'Thambipillai Srikanthan']","['Kwoh Chee Keong', 'Wen Yonggang', 'Ng Wee Keong', 'Cai Jianfei', 'Lau Chiew Tong', 'Lee Bu Sung Francis', 'Chia Liang Tien Clement', 'Zheng Jianmin', 'Seah Hock Soon', 'Thambipillai Srikanthan']","['Ng Wee Keong', 'Cai Jianfei', 'Lau Chiew Tong', 'Lee Bu Sung Francis', 'Chia Liang Tien Clement', 'Zheng Jianmin', 'Seah Hock Soon', 'Thambipillai Srikanthan', 'Kwoh Chee Keong', 'Wen Yonggang']","['Lin Guosheng', 'Cai Jianfei', 'Lau Chiew Tong', 'Lee Bu Sung Francis', 'Chia Liang Tien Clement', 'Zheng Jianmin', 'Seah Hock Soon', 'Thambipillai Srikanthan', 'Kwoh Chee Keong', 'Wen Yonggang', 'Ng Wee Keong']","['Lin Guosheng', 'Cai Jianfei', 'Lau Chiew Tong', 'Lee Bu Sung Francis', 'Chia Liang Tien Clement', 'Zheng Jianmin', 'Seah Hock Soon', 'Thambipillai Srikanthan', 'Kwoh Chee Keong', 'Wen Yonggang', 'Ng Wee Keong']","['Lin Guosheng', 'Lin Shang-Wei', 'Liu Yang', 'Cai Jianfei', 'Lau Chiew Tong', 'Lee Bu Sung Francis', 'Chia Liang Tien Clement', 'Zheng Jianmin', 'Seah Hock Soon', 'Thambipillai Srikanthan', 'Kwoh Chee Keong', 'Wen Yonggang', 'Ng Wee Keong']","['Lin Guosheng', 'Cai Jianfei', 'Lau Chiew Tong', 'Lee Bu Sung Francis', 'Chia Liang Tien Clement', 'Zheng Jianmin', 'Seah Hock Soon', 'Thambipillai Srikanthan', 'Kwoh Chee Keong', 'Wen Yonggang', 'Ng Wee Keong', 'Lin Shang-Wei', 'Liu Yang']"
40,Liu Weichen,Assistant Professor,M,N,Computer Architecture,0,[],[],[],[],[],[],[],[],[],[],[],[],[],[],[],[],[],[],[],[],['Zhang Hanwang'],['Zhang Hanwang']
41,Liu Yang,Professor,M,N,Software Engg,34,[],[],[],[],[],[],[],[],[],[],[],['Lin Shang-Wei'],"['Luu Anh Tuan', 'Lin Shang-Wei', 'Li Yi']","['Lin Shang-Wei', 'Cai Wentong', 'Luu Anh Tuan', 'Li Yi']","['Li Yi', 'Lin Shang-Wei', 'Zhang Jie', 'Sun Chengzheng', 'Luu Anh Tuan', 'Cai Wentong']","['Zhang Jie', 'Lin Shang-Wei', 'Luu Anh Tuan', 'Li Yi', 'Cai Wentong', 'Sun Chengzheng']","['Cai Wentong', 'Zhang Jie', 'Lin Shang-Wei', 'Luu Anh Tuan', 'Li Yi', 'Sun Chengzheng']","['Zhang Jie', 'Lin Shang-Wei', 'Luu Anh Tuan', 'Li Yi', 'Cai Wentong', 'Sun Chengzheng']","['Lin Shang-Wei', 'Ong Yew Soon', 'Li Yi', 'Luu Anh Tuan', 'Cai Wentong', 'Zhang Jie', 'Sun Chengzheng']","['Zhang Jie', 'Lin Shang-Wei', 'Li Yi', 'Luu Anh Tuan', 'Cai Wentong', 'Sun Chengzheng', 'Ong Yew Soon']","['Lin Shang-Wei', 'Zhang Jie', 'Zhang Tianwei', 'Li Yi', 'Lin Weisi', 'Luu Anh Tuan', 'Cai Wentong', 'Sun Chengzheng', 'Ong Yew Soon']","['Lin Shang-Wei', 'Luu Anh Tuan', 'Li Yi', 'Cai Wentong', 'Zhang Jie', 'Sun Chengzheng', 'Ong Yew Soon', 'Zhang Tianwei', 'Lin Weisi']"
42,Loke Yuan Ren,Lecturer,M,N,Computer Vision,0,[],[],[],[],[],[],[],[],[],[],[],[],[],[],[],[],[],[],[],[],[],[]
43,Long Cheng,Assistant Professor,M,N,Data Mining,9,[],[],[],[],[],[],[],[],[],[],[],[],[],[],[],[],[],[],['Cong Gao'],['Cong Gao'],['Cong Gao'],['Cong Gao']
44,Loy Chen Change,Associate Professor,M,N,Computer Vision,45,[],[],[],[],[],[],[],[],[],[],[],[],[],[],[],[],[],[],[],[],"['Ong Yew Soon', 'Yeo Chai Kiat']","['Ong Yew Soon', 'Yeo Chai Kiat']"
45,Lu Shijian,Assistant Professor,M,N,Computer Vision,8,[],[],[],[],[],[],[],[],['Guan Cuntai'],['Guan Cuntai'],['Guan Cuntai'],['Guan Cuntai'],['Guan Cuntai'],['Guan Cuntai'],"['Cai Jianfei', 'Guan Cuntai']","['Cai Jianfei', 'Guan Cuntai']","['Cai Jianfei', 'Zheng Jianmin', 'Guan Cuntai']","['Cai Jianfei', 'Guan Cuntai', 'Zheng Jianmin']","['Guan Cuntai', 'Cai Jianfei', 'Zheng Jianmin']","['Guan Cuntai', 'Cai Jianfei', 'Zheng Jianmin']","['Guan Cuntai', 'Cai Jianfei', 'Zheng Jianmin']","['Guan Cuntai', 'Cai Jianfei', 'Zheng Jianmin']"
46,Luo Jun,Associate Professor,M,N,Computer Networks,0,[],[],[],[],[],[],[],[],[],[],[],['He Ying'],['He Ying'],['He Ying'],['He Ying'],['He Ying'],['He Ying'],"['He Ying', 'Pan Sinno Jialin', 'Dusit Niyato']","['Pan Sinno Jialin', 'Dusit Niyato', 'He Ying']","['Dusit Niyato', 'He Ying', 'Pan Sinno Jialin', 'Sun Aixin']","['He Ying', 'Pan Sinno Jialin', 'Dusit Niyato', 'Sun Aixin']","['He Ying', 'Pan Sinno Jialin', 'Dusit Niyato', 'Sun Aixin']"
47,Mahardhika Pratama,Assistant Professor,M,N,AI/ML,1,[],[],[],[],[],[],[],[],[],[],[],[],[],[],[],[],[],[],"['Tan Ah Hwee', 'Ong Yew Soon']","['Ong Yew Soon', 'Zhang Jie', 'Tan Ah Hwee']","['Ong Yew Soon', 'Zhang Jie', 'Tan Ah Hwee']","['Tan Ah Hwee', 'Ong Yew Soon', 'Zhang Jie']"
48,Mohamed M. Sabry,Assistant Professor,M,N,Computer Architecture,1,[],[],[],[],[],[],[],[],[],[],[],[],[],[],[],[],[],[],[],[],[],[]
49,Ng Wee Keong,Associate Professor,M,N,Cyber Security,0,['Sourav S Bhowmick'],['Sourav S Bhowmick'],"['Sourav S Bhowmick', 'Sun Aixin']","['Sourav S Bhowmick', 'Sun Aixin']","['Sourav S Bhowmick', 'Sun Aixin']","['Sun Aixin', 'Sourav S Bhowmick']","['Sourav S Bhowmick', 'Sun Aixin']","['Sourav S Bhowmick', 'Sun Aixin']","['Anwitaman Datta', 'Sourav S Bhowmick', 'Sun Aixin']","['Sourav S Bhowmick', 'Sun Aixin', 'Anwitaman Datta']","['Anwitaman Datta', 'Sourav S Bhowmick', 'Sun Aixin']","['Zhang Jie', 'Sourav S Bhowmick', 'Sun Aixin', 'Anwitaman Datta']","['Zhang Jie', 'Wen Yonggang', 'Sourav S Bhowmick', 'Sun Aixin', 'Anwitaman Datta']","['Sourav S Bhowmick', 'Sun Aixin', 'Anwitaman Datta', 'Zhang Jie', 'Wen Yonggang']","['Sourav S Bhowmick', 'Sun Aixin', 'Anwitaman Datta', 'Zhang Jie', 'Wen Yonggang']","['Sourav S Bhowmick', 'Sun Aixin', 'Anwitaman Datta', 'Zhang Jie', 'Wen Yonggang']","['Lin Weisi', 'Sourav S Bhowmick', 'Sun Aixin', 'Anwitaman Datta', 'Zhang Jie', 'Wen Yonggang']","['Lin Weisi', 'Sourav S Bhowmick', 'Sun Aixin', 'Anwitaman Datta', 'Zhang Jie', 'Wen Yonggang']","['Owen Noel Newton Fernando', 'Sourav S Bhowmick', 'Sun Aixin', 'Anwitaman Datta', 'Zhang Jie', 'Wen Yonggang', 'Lin Weisi']","['Sourav S Bhowmick', 'Sun Aixin', 'Anwitaman Datta', 'Zhang Jie', 'Wen Yonggang', 'Lin Weisi', 'Owen Noel Newton Fernando']","['Sourav S Bhowmick', 'Sun Aixin', 'Anwitaman Datta', 'Zhang Jie', 'Wen Yonggang', 'Lin Weisi', 'Owen Noel Newton Fernando']","['Lam Kwok Yan', 'Sourav S Bhowmick', 'Sun Aixin', 'Anwitaman Datta', 'Zhang Jie', 'Wen Yonggang', 'Lin Weisi', 'Owen Noel Newton Fernando']"
50,Oh Hong Lye,Lecturer,M,N,Computer Architecture,0,[],[],[],[],[],[],[],[],[],[],[],[],[],[],[],[],[],[],"['Lee Bu Sung Francis', 'Yeo Chai Kiat', 'Vun Chan Hua Nicholas']","['Lee Bu Sung Francis', 'Yeo Chai Kiat', 'Vun Chan Hua Nicholas']","['Lee Bu Sung Francis', 'Yeo Chai Kiat', 'Vun Chan Hua Nicholas']","['Lee Bu Sung Francis', 'Yeo Chai Kiat', 'Vun Chan Hua Nicholas']"
51,Owen Noel Newton Fernando,Senior Lecturer,M,N,HCI,6,[],[],[],[],[],[],[],[],[],[],[],[],[],[],[],[],[],[],"['Ng Wee Keong', 'Rajapakse Jagath Chandana']","['Anupam Chattopadhyay', 'Seah Hock Soon', 'Ng Wee Keong', 'Rajapakse Jagath Chandana']","['Ng Wee Keong', 'Rajapakse Jagath Chandana', 'Anupam Chattopadhyay', 'Seah Hock Soon']","['Ng Wee Keong', 'Rajapakse Jagath Chandana', 'Anupam Chattopadhyay', 'Seah Hock Soon']"
52,Pan Sinno Jialin,Associate Professor,M,N,AI/ML,7,[],[],[],[],[],[],[],[],[],[],[],['Guan Cuntai'],['Guan Cuntai'],['Guan Cuntai'],['Guan Cuntai'],['Guan Cuntai'],['Guan Cuntai'],"['Luo Jun', 'Guan Cuntai']","['Luo Jun', 'Bo An', 'Miao Chunyan', 'Lin Guosheng', 'Guan Cuntai']","['Luo Jun', 'Sun Aixin', 'Miao Chunyan', 'Guan Cuntai', 'Bo An', 'Lin Guosheng']","['Guan Cuntai', 'Luo Jun', 'Bo An', 'Miao Chunyan', 'Lin Guosheng', 'Sun Aixin']","['Miao Chunyan', 'Guan Cuntai', 'Luo Jun', 'Bo An', 'Lin Guosheng', 'Sun Aixin']"
53,Qian Kemao,Associate Professor,M,N,Computer Vision,2,[],[],[],[],[],[],['Seah Hock Soon'],['Seah Hock Soon'],['Seah Hock Soon'],"['Lin Feng', 'Seah Hock Soon']","['Seah Hock Soon', 'Lin Feng']","['Seah Hock Soon', 'Lin Feng']","['Lin Feng', 'Seah Hock Soon']","['Seah Hock Soon', 'Lin Feng']","['Lin Feng', 'Seah Hock Soon']","['Lin Feng', 'Seah Hock Soon']","['Seah Hock Soon', 'Lin Feng']","['Lin Feng', 'Seah Hock Soon']","['Seah Hock Soon', 'Lin Feng']","['Seah Hock Soon', 'Lin Feng']","['Seah Hock Soon', 'Lin Feng']","['Seah Hock Soon', 'Lin Feng']"
54,Quek Hiok Chai,Associate Professor,M,N,AI/ML,0,[],[],[],[],[],[],['Douglas Leslie Maskell'],['Douglas Leslie Maskell'],"['Guan Cuntai', 'Douglas Leslie Maskell']","['Guan Cuntai', 'Douglas Leslie Maskell']","['Douglas Leslie Maskell', 'Guan Cuntai']","['Douglas Leslie Maskell', 'Guan Cuntai']","['Guan Cuntai', 'Douglas Leslie Maskell']","['Guan Cuntai', 'Douglas Leslie Maskell']","['Guan Cuntai', 'Douglas Leslie Maskell']","['Guan Cuntai', 'Douglas Leslie Maskell']","['Deepu Rajan', 'Douglas Leslie Maskell', 'Guan Cuntai']","['Goh Wooi Boon', 'Deepu Rajan', 'Chia Liang Tien Clement', 'Tan Ah Hwee', 'Miao Chunyan', 'Douglas Leslie Maskell', 'Guan Cuntai']","['Tan Ah Hwee', 'Miao Chunyan', 'Deepu Rajan', 'Douglas Leslie Maskell', 'Guan Cuntai', 'Goh Wooi Boon', 'Chia Liang Tien Clement']","['Deepu Rajan', 'Douglas Leslie Maskell', 'Guan Cuntai', 'Goh Wooi Boon', 'Chia Liang Tien Clement', 'Tan Ah Hwee', 'Miao Chunyan']","['Guan Cuntai', 'Deepu Rajan', 'Douglas Leslie Maskell', 'Goh Wooi Boon', 'Chia Liang Tien Clement', 'Tan Ah Hwee', 'Miao Chunyan']","['Douglas Leslie Maskell', 'Guan Cuntai', 'Deepu Rajan', 'Goh Wooi Boon', 'Chia Liang Tien Clement', 'Tan Ah Hwee', 'Miao Chunyan']"
55,Rajapakse Jagath Chandana,Professor,M,N,Bioinformatics,0,[],[],[],[],[],[],[],[],[],[],[],[],[],[],[],[],[],[],"['Owen Noel Newton Fernando', 'Erik Cambria']","['Owen Noel Newton Fernando', 'Erik Cambria']","['Owen Noel Newton Fernando', 'Erik Cambria']","['Owen Noel Newton Fernando', 'Erik Cambria']"
56,Seah Hock Soon,Professor,M,Y,Computer Graphics,0,['Lin Feng'],['Lin Feng'],['Lin Feng'],['Lin Feng'],"['Alexei Sourin', 'Lin Feng']","['Zheng Jianmin', 'Lin Feng', 'Alexei Sourin']","['Lin Feng', 'Qian Kemao', 'Alexei Sourin', 'Zheng Jianmin']","['He Ying', 'Lin Feng', 'Alexei Sourin', 'Zheng Jianmin', 'Qian Kemao']","['He Ying', 'Lin Feng', 'Alexei Sourin', 'Zheng Jianmin', 'Qian Kemao']","['He Ying', 'Lin Feng', 'Qian Kemao', 'Alexei Sourin', 'Zheng Jianmin']","['Lin Feng', 'He Ying', 'Zheng Jianmin', 'Cai Wentong', 'Alexei Sourin', 'Qian Kemao']","['Lin Weisi', 'He Ying', 'Lin Feng', 'Alexei Sourin', 'Zheng Jianmin', 'Qian Kemao', 'Cai Wentong']","['He Ying', 'Lin Feng', 'Qian Kemao', 'Lin Weisi', 'Alexei Sourin', 'Zheng Jianmin', 'Cai Wentong']","['Cong Gao', 'Lin Weisi', 'Lin Feng', 'Alexei Sourin', 'Zheng Jianmin', 'Qian Kemao', 'He Ying', 'Cai Wentong']","['Lin Feng', 'Qian Kemao', 'Lin Weisi', 'Alexei Sourin', 'Zheng Jianmin', 'He Ying', 'Cai Wentong', 'Cong Gao']","['Lin Weisi', 'Lin Feng', 'Qian Kemao', 'Alexei Sourin', 'Zheng Jianmin', 'He Ying', 'Cai Wentong', 'Cong Gao']","['Lin Feng', 'Alexei Sourin', 'Zheng Jianmin', 'Qian Kemao', 'He Ying', 'Cai Wentong', 'Lin Weisi', 'Cong Gao']","['Lin Feng', 'Qian Kemao', 'Thambipillai Srikanthan', 'Alexei Sourin', 'Zheng Jianmin', 'He Ying', 'Cai Wentong', 'Lin Weisi', 'Cong Gao']","['Lin Feng', 'Zheng Jianmin', 'Alexei Sourin', 'Qian Kemao', 'He Ying', 'Cai Wentong', 'Lin Weisi', 'Cong Gao', 'Thambipillai Srikanthan']","['Zheng Jianmin', 'Lin Feng', 'Owen Noel Newton Fernando', 'Anupam Chattopadhyay', 'Alexei Sourin', 'Qian Kemao', 'He Ying', 'Cai Wentong', 'Lin Weisi', 'Cong Gao', 'Thambipillai Srikanthan']","['Lin Feng', 'Alexei Sourin', 'Zheng Jianmin', 'Qian Kemao', 'He Ying', 'Cai Wentong', 'Lin Weisi', 'Cong Gao', 'Thambipillai Srikanthan', 'Owen Noel Newton Fernando', 'Anupam Chattopadhyay']","['Lin Feng', 'Alexei Sourin', 'Zheng Jianmin', 'Qian Kemao', 'He Ying', 'Cai Wentong', 'Lin Weisi', 'Cong Gao', 'Thambipillai Srikanthan', 'Owen Noel Newton Fernando', 'Anupam Chattopadhyay']"
57,Smitha K G,Lecturer,F,N,Computer Architecture,0,[],[],[],[],[],[],[],[],[],[],[],[],[],[],[],[],[],[],[],[],[],[]
58,Sourav S Bhowmick,Associate Professor,M,N,Data Management,29,['Ng Wee Keong'],['Ng Wee Keong'],['Ng Wee Keong'],['Ng Wee Keong'],"['Ng Wee Keong', 'Chia Liang Tien Clement']","['Chia Liang Tien Clement', 'Ng Wee Keong']","['Chia Liang Tien Clement', 'Sun Aixin', 'Ng Wee Keong']","['Chia Liang Tien Clement', 'Ng Wee Keong', 'Sun Aixin']","['Ng Wee Keong', 'Chia Liang Tien Clement', 'Sun Aixin']","['Sun Aixin', 'Ng Wee Keong', 'Chia Liang Tien Clement']","['Sun Aixin', 'Ng Wee Keong', 'Chia Liang Tien Clement']","['Sun Aixin', 'Ng Wee Keong', 'Chia Liang Tien Clement']","['Sun Aixin', 'Ng Wee Keong', 'Chia Liang Tien Clement']","['Sun Aixin', 'Ng Wee Keong', 'Chia Liang Tien Clement']","['Sun Aixin', 'Cong Gao', 'Ng Wee Keong', 'Chia Liang Tien Clement']","['Sun Aixin', 'Ng Wee Keong', 'Chia Liang Tien Clement', 'Cong Gao']","['Cong Gao', 'Miao Chunyan', 'Ng Wee Keong', 'Chia Liang Tien Clement', 'Sun Aixin']","['Arijit Khan', 'Cong Gao', 'Ng Wee Keong', 'Chia Liang Tien Clement', 'Sun Aixin', 'Miao Chunyan']","['Cong Gao', 'Sun Aixin', 'Ng Wee Keong', 'Chia Liang Tien Clement', 'Miao Chunyan', 'Arijit Khan']","['Zhao Jun', 'Joty Shafiq Rayhan', 'Ng Wee Keong', 'Chia Liang Tien Clement', 'Sun Aixin', 'Cong Gao', 'Miao Chunyan', 'Arijit Khan']","['Cong Gao', 'Ng Wee Keong', 'Chia Liang Tien Clement', 'Sun Aixin', 'Miao Chunyan', 'Arijit Khan', 'Zhao Jun', 'Joty Shafiq Rayhan']","['Ng Wee Keong', 'Chia Liang Tien Clement', 'Sun Aixin', 'Cong Gao', 'Miao Chunyan', 'Arijit Khan', 'Zhao Jun', 'Joty Shafiq Rayhan']"
59,Sourav Sen Gupta,Lecturer,M,N,Cyber Security,0,[],[],[],[],[],[],[],[],[],[],[],['Anupam Chattopadhyay'],['Anupam Chattopadhyay'],['Anupam Chattopadhyay'],['Anupam Chattopadhyay'],['Anupam Chattopadhyay'],['Anupam Chattopadhyay'],['Anupam Chattopadhyay'],"['Anupam Chattopadhyay', 'Lam Kwok Yan', 'Ong Yew Soon']","['Anupam Chattopadhyay', 'Lam Kwok Yan', 'Ong Yew Soon']","['Arijit Khan', 'Anupam Chattopadhyay', 'Lam Kwok Yan', 'Ong Yew Soon']","['Anupam Chattopadhyay', 'Lam Kwok Yan', 'Ong Yew Soon', 'Arijit Khan']"
60,Sun Aixin,Associate Professor,M,N,Information Retrieval,30,[],[],['Ng Wee Keong'],['Ng Wee Keong'],['Ng Wee Keong'],['Ng Wee Keong'],"['Tang Xueyan', 'Sourav S Bhowmick', 'Ng Wee Keong']","['Ng Wee Keong', 'Tang Xueyan', 'Sourav S Bhowmick']","['Anwitaman Datta', 'Ng Wee Keong', 'Tang Xueyan', 'Sourav S Bhowmick']","['Anwitaman Datta', 'Sourav S Bhowmick', 'Ng Wee Keong', 'Tang Xueyan']","['Sourav S Bhowmick', 'Anwitaman Datta', 'Ng Wee Keong', 'Tang Xueyan']","['Sourav S Bhowmick', 'Anwitaman Datta', 'Ng Wee Keong', 'Tang Xueyan']","['Cong Gao', 'Anwitaman Datta', 'Sourav S Bhowmick', 'Lee Bu Sung Francis', 'Ng Wee Keong', 'Tang Xueyan']","['Anwitaman Datta', 'Cong Gao', 'Sourav S Bhowmick', 'Ng Wee Keong', 'Tang Xueyan', 'Lee Bu Sung Francis']","['Sourav S Bhowmick', 'Cong Gao', 'Miao Chunyan', 'Ng Wee Keong', 'Tang Xueyan', 'Anwitaman Datta', 'Lee Bu Sung Francis']","['Sourav S Bhowmick', 'Cong Gao', 'Miao Chunyan', 'Ng Wee Keong', 'Tang Xueyan', 'Anwitaman Datta', 'Lee Bu Sung Francis']","['Cong Gao', 'Ng Wee Keong', 'Tang Xueyan', 'Sourav S Bhowmick', 'Anwitaman Datta', 'Lee Bu Sung Francis', 'Miao Chunyan']","['Erik Cambria', 'Cong Gao', 'Ng Wee Keong', 'Tang Xueyan', 'Sourav S Bhowmick', 'Anwitaman Datta', 'Lee Bu Sung Francis', 'Miao Chunyan']","['Tang Xueyan', 'Cong Gao', 'Joty Shafiq Rayhan', 'Sourav S Bhowmick', 'Ng Wee Keong', 'Anwitaman Datta', 'Lee Bu Sung Francis', 'Miao Chunyan', 'Erik Cambria']","['Luo Jun', 'Pan Sinno Jialin', 'Tang Xueyan', 'Cong Gao', 'Ng Wee Keong', 'Sourav S Bhowmick', 'Anwitaman Datta', 'Lee Bu Sung Francis', 'Miao Chunyan', 'Erik Cambria', 'Joty Shafiq Rayhan']","['Tang Xueyan', 'Chng Eng Siong', 'Ng Wee Keong', 'Sourav S Bhowmick', 'Anwitaman Datta', 'Cong Gao', 'Lee Bu Sung Francis', 'Miao Chunyan', 'Erik Cambria', 'Joty Shafiq Rayhan', 'Luo Jun', 'Pan Sinno Jialin']","['Ng Wee Keong', 'Tang Xueyan', 'Sourav S Bhowmick', 'Anwitaman Datta', 'Cong Gao', 'Lee Bu Sung Francis', 'Miao Chunyan', 'Erik Cambria', 'Joty Shafiq Rayhan', 'Luo Jun', 'Pan Sinno Jialin', 'Chng Eng Siong']"
61,Sun Chengzheng,Professor,M,N,HCI,0,[],[],['Cai Wentong'],['Cai Wentong'],['Cai Wentong'],['Cai Wentong'],['Cai Wentong'],['Cai Wentong'],['Cai Wentong'],['Cai Wentong'],['Cai Wentong'],['Cai Wentong'],['Cai Wentong'],['Cai Wentong'],"['Li Mo', 'Liu Yang', 'Cai Wentong']","['Cai Wentong', 'Li Mo', 'Liu Yang']","['Cai Wentong', 'Li Mo', 'Liu Yang']","['Cai Wentong', 'Li Mo', 'Liu Yang']","['Cai Wentong', 'Li Mo', 'Liu Yang']","['Cai Wentong', 'Li Mo', 'Liu Yang']","['Cai Wentong', 'Li Mo', 'Liu Yang']","['Cai Wentong', 'Li Mo', 'Liu Yang']"
62,Tan Ah Hwee,Professor,M,Y,AI/ML,2,[],[],[],[],[],[],"['Miao Chunyan', 'Shen Zhiqi']","['Shen Zhiqi', 'Miao Chunyan']","['Ong Yew Soon', 'Miao Chunyan', 'Shen Zhiqi', 'Chia Liang Tien Clement']","['Chia Liang Tien Clement', 'Deepu Rajan', 'Miao Chunyan', 'Shen Zhiqi', 'Ong Yew Soon']","['Miao Chunyan', 'Shen Zhiqi', 'Boyang Li', 'Ong Yew Soon', 'Chia Liang Tien Clement', 'Deepu Rajan']","['Ong Yew Soon', 'Yu Han', 'Shen Zhiqi', 'Miao Chunyan', 'Chia Liang Tien Clement', 'Deepu Rajan', 'Boyang Li']","['Chia Liang Tien Clement', 'Ong Yew Soon', 'Miao Chunyan', 'Shen Zhiqi', 'Deepu Rajan', 'Boyang Li', 'Yu Han']","['Ong Yew Soon', 'Miao Chunyan', 'Shen Zhiqi', 'Chia Liang Tien Clement', 'Deepu Rajan', 'Boyang Li', 'Yu Han']","['Miao Chunyan', 'Shen Zhiqi', 'Ong Yew Soon', 'Chia Liang Tien Clement', 'Deepu Rajan', 'Boyang Li', 'Yu Han']","['Ong Yew Soon', 'Miao Chunyan', 'Shen Zhiqi', 'Chia Liang Tien Clement', 'Deepu Rajan', 'Boyang Li', 'Yu Han']","['Miao Chunyan', 'Shen Zhiqi', 'Ong Yew Soon', 'Chia Liang Tien Clement', 'Deepu Rajan', 'Boyang Li', 'Yu Han']","['Miao Chunyan', 'Quek Hiok Chai', 'Shen Zhiqi', 'Ong Yew Soon', 'Chia Liang Tien Clement', 'Deepu Rajan', 'Boyang Li', 'Yu Han']","['Quek Hiok Chai', 'Miao Chunyan', 'Mahardhika Pratama', 'Shen Zhiqi', 'Ong Yew Soon', 'Chia Liang Tien Clement', 'Deepu Rajan', 'Boyang Li', 'Yu Han']","['Miao Chunyan', 'Shen Zhiqi', 'Ong Yew Soon', 'Chia Liang Tien Clement', 'Deepu Rajan', 'Boyang Li', 'Yu Han', 'Quek Hiok Chai', 'Mahardhika Pratama']","['Miao Chunyan', 'Shen Zhiqi', 'Ong Yew Soon', 'Chia Liang Tien Clement', 'Deepu Rajan', 'Boyang Li', 'Yu Han', 'Quek Hiok Chai', 'Mahardhika Pratama']","['Miao Chunyan', 'Shen Zhiqi', 'Ong Yew Soon', 'Chia Liang Tien Clement', 'Deepu Rajan', 'Boyang Li', 'Yu Han', 'Quek Hiok Chai', 'Mahardhika Pratama']"
63,Tan Kheng Leong,Lecturer,M,N,Cyber Security,0,[],[],[],[],[],[],[],[],[],[],[],[],[],[],[],[],[],[],[],['Goh Wooi Boon'],['Goh Wooi Boon'],['Goh Wooi Boon']
64,Tan Rui,Assistant Professor,M,N,Computer Architecture,4,[],[],[],[],[],[],[],[],[],[],[],[],[],[],[],[],[],['Dusit Niyato'],"['Arvind Easwaran', 'Dusit Niyato']","['Arvind Easwaran', 'Wen Yonggang', 'Lin Guosheng', 'Kong Wai-Kin Adams', 'Zhao Jun', 'Dusit Niyato']","['Arvind Easwaran', 'Wen Yonggang', 'Lin Guosheng', 'Dusit Niyato', 'Kong Wai-Kin Adams', 'Zhao Jun']","['Zhao Jun', 'Dusit Niyato', 'Arvind Easwaran', 'Wen Yonggang', 'Lin Guosheng', 'Kong Wai-Kin Adams']"
65,Tang Xueyan,Associate Professor,M,N,Distributed Systems,7,[],[],[],[],[],"['Lee Bu Sung Francis', 'Yeo Chai Kiat']","['Lee Bu Sung Francis', 'Yeo Chai Kiat', 'Sun Aixin']","['Lee Bu Sung Francis', 'Yeo Chai Kiat', 'Sun Aixin']","['Cai Wentong', 'Lee Bu Sung Francis', 'Yeo Chai Kiat', 'Sun Aixin']","['Cai Wentong', 'Lee Bu Sung Francis', 'Yeo Chai Kiat', 'Sun Aixin']","['Lee Bu Sung Francis', 'Yeo Chai Kiat', 'Cai Wentong', 'Sun Aixin']","['Cai Wentong', 'Lee Bu Sung Francis', 'Yeo Chai Kiat', 'Sun Aixin']","['Cai Wentong', 'Lee Bu Sung Francis', 'Yeo Chai Kiat', 'Sun Aixin']","['Cai Wentong', 'Lee Bu Sung Francis', 'Yeo Chai Kiat', 'Sun Aixin']","['Cai Wentong', 'Lee Bu Sung Francis', 'Yeo Chai Kiat', 'Sun Aixin']","['Cai Wentong', 'Lee Bu Sung Francis', 'Yeo Chai Kiat', 'Sun Aixin']","['Cai Wentong', 'Lee Bu Sung Francis', 'Yeo Chai Kiat', 'Sun Aixin']","['Cai Wentong', 'Lee Bu Sung Francis', 'Yeo Chai Kiat', 'Sun Aixin']","['Sun Aixin', 'Cai Wentong', 'Lee Bu Sung Francis', 'Yeo Chai Kiat']","['Cai Wentong', 'Sun Aixin', 'Lee Bu Sung Francis', 'Yeo Chai Kiat']","['Sun Aixin', 'Lee Bu Sung Francis', 'Yeo Chai Kiat', 'Cai Wentong']","['Cai Wentong', 'Lee Bu Sung Francis', 'Yeo Chai Kiat', 'Sun Aixin']"
66,Vun Chan Hua Nicholas,Associate Professor,M,N,Computer Architecture,0,"['Lee Bu Sung Francis', 'Lau Chiew Tong']","['Lee Bu Sung Francis', 'Lau Chiew Tong']","['Lee Bu Sung Francis', 'Lau Chiew Tong']","['Lee Bu Sung Francis', 'Lau Chiew Tong']","['Lee Bu Sung Francis', 'Lau Chiew Tong']","['Lee Bu Sung Francis', 'Lau Chiew Tong']","['Lee Bu Sung Francis', 'Lau Chiew Tong']","['Goh Wooi Boon', 'Lee Bu Sung Francis', 'Lau Chiew Tong']","['Lee Bu Sung Francis', 'Lau Chiew Tong', 'Goh Wooi Boon']","['Lee Bu Sung Francis', 'Lau Chiew Tong', 'Goh Wooi Boon']","['Lee Bu Sung Francis', 'Lau Chiew Tong', 'Goh Wooi Boon']","['Lee Bu Sung Francis', 'Lau Chiew Tong', 'Goh Wooi Boon']","['Lee Bu Sung Francis', 'Lau Chiew Tong', 'Goh Wooi Boon']","['Lee Bu Sung Francis', 'Lau Chiew Tong', 'Goh Wooi Boon']","['Lee Bu Sung Francis', 'Lau Chiew Tong', 'Goh Wooi Boon']","['Lee Bu Sung Francis', 'Lau Chiew Tong', 'Goh Wooi Boon']","['Lee Bu Sung Francis', 'Lau Chiew Tong', 'Goh Wooi Boon']","['Lee Bu Sung Francis', 'Lau Chiew Tong', 'Goh Wooi Boon']","['Lee Bu Sung Francis', 'Yeo Chai Kiat', 'Oh Hong Lye', 'Lau Chiew Tong', 'Goh Wooi Boon']","['Lee Bu Sung Francis', 'Lau Chiew Tong', 'Goh Wooi Boon', 'Yeo Chai Kiat', 'Oh Hong Lye']","['Lee Bu Sung Francis', 'Lau Chiew Tong', 'Goh Wooi Boon', 'Yeo Chai Kiat', 'Oh Hong Lye']","['Lee Bu Sung Francis', 'Lau Chiew Tong', 'Goh Wooi Boon', 'Yeo Chai Kiat', 'Oh Hong Lye']"
67,Xavier Bresson,Associate Professor,M,N,AI/ML,6,[],[],[],[],[],[],[],[],[],[],[],[],[],[],[],[],[],[],[],[],[],[]
68,Yeo Chai Kiat,Associate Professor,F,Y,Computer Networks,0,"['Lee Bu Sung Francis', 'Hui Siu Cheung']","['Hui Siu Cheung', 'Lee Bu Sung Francis', 'Lau Chiew Tong']","['Lee Bu Sung Francis', 'Hui Siu Cheung', 'Lau Chiew Tong']","['Lee Bu Sung Francis', 'Hui Siu Cheung', 'Lau Chiew Tong']","['Lee Bu Sung Francis', 'Hui Siu Cheung', 'Lau Chiew Tong']","['Lee Bu Sung Francis', 'Tang Xueyan', 'Hui Siu Cheung', 'Lau Chiew Tong']","['Lee Bu Sung Francis', 'Tang Xueyan', 'Hui Siu Cheung', 'Lau Chiew Tong']","['Lee Bu Sung Francis', 'Chia Liang Tien Clement', 'Cham Tat Jen', 'Hui Siu Cheung', 'Lau Chiew Tong', 'Tang Xueyan']","['Lee Bu Sung Francis', 'Tang Xueyan', 'Hui Siu Cheung', 'Lau Chiew Tong', 'Chia Liang Tien Clement', 'Cham Tat Jen']","['Lee Bu Sung Francis', 'Hui Siu Cheung', 'Lau Chiew Tong', 'Tang Xueyan', 'Chia Liang Tien Clement', 'Cham Tat Jen']","['Lee Bu Sung Francis', 'Tang Xueyan', 'Hui Siu Cheung', 'Lau Chiew Tong', 'Chia Liang Tien Clement', 'Cham Tat Jen']","['Lee Bu Sung Francis', 'Tang Xueyan', 'Hui Siu Cheung', 'Lau Chiew Tong', 'Chia Liang Tien Clement', 'Cham Tat Jen']","['Lee Bu Sung Francis', 'Hui Siu Cheung', 'Lau Chiew Tong', 'Tang Xueyan', 'Chia Liang Tien Clement', 'Cham Tat Jen']","['Lee Bu Sung Francis', 'Hui Siu Cheung', 'Lau Chiew Tong', 'Tang Xueyan', 'Chia Liang Tien Clement', 'Cham Tat Jen']","['Lee Bu Sung Francis', 'Hui Siu Cheung', 'Lau Chiew Tong', 'Tang Xueyan', 'Chia Liang Tien Clement', 'Cham Tat Jen']","['Lee Bu Sung Francis', 'Lau Chiew Tong', 'Hui Siu Cheung', 'Tang Xueyan', 'Chia Liang Tien Clement', 'Cham Tat Jen']","['Lee Bu Sung Francis', 'Hui Siu Cheung', 'Lau Chiew Tong', 'Tang Xueyan', 'Chia Liang Tien Clement', 'Cham Tat Jen']","['Lee Bu Sung Francis', 'Lau Chiew Tong', 'Hui Siu Cheung', 'Tang Xueyan', 'Chia Liang Tien Clement', 'Cham Tat Jen']","['Lee Bu Sung Francis', 'Lau Chiew Tong', 'Vun Chan Hua Nicholas', 'Oh Hong Lye', 'Hui Siu Cheung', 'Tang Xueyan', 'Chia Liang Tien Clement', 'Cham Tat Jen']","['Hui Siu Cheung', 'Lee Bu Sung Francis', 'Chia Liang Tien Clement', 'Lau Chiew Tong', 'Tang Xueyan', 'Cham Tat Jen', 'Vun Chan Hua Nicholas', 'Oh Hong Lye']","['Lee Bu Sung Francis', 'Loy Chen Change', 'Hui Siu Cheung', 'Lau Chiew Tong', 'Tang Xueyan', 'Chia Liang Tien Clement', 'Cham Tat Jen', 'Vun Chan Hua Nicholas', 'Oh Hong Lye']","['Hui Siu Cheung', 'Lau Chiew Tong', 'Lee Bu Sung Francis', 'Tang Xueyan', 'Chia Liang Tien Clement', 'Cham Tat Jen', 'Vun Chan Hua Nicholas', 'Oh Hong Lye', 'Loy Chen Change']"
69,Yu Han,Assistant Professor,M,N,AI/ML,2,[],[],[],[],[],[],[],"['Shen Zhiqi', 'Miao Chunyan']","['Shen Zhiqi', 'Miao Chunyan']","['Shen Zhiqi', 'Miao Chunyan', 'Boyang Li']","['Shen Zhiqi', 'Miao Chunyan', 'Dusit Niyato', 'Boyang Li']","['Shen Zhiqi', 'Miao Chunyan', 'Tan Ah Hwee', 'Boyang Li', 'Dusit Niyato']","['Shen Zhiqi', 'Miao Chunyan', 'Bo An', 'Boyang Li', 'Dusit Niyato', 'Tan Ah Hwee']","['Shen Zhiqi', 'Miao Chunyan', 'Bo An', 'Boyang Li', 'Dusit Niyato', 'Tan Ah Hwee']","['Shen Zhiqi', 'Miao Chunyan', 'Bo An', 'Zhang Jie', 'Boyang Li', 'Dusit Niyato', 'Tan Ah Hwee']","['Miao Chunyan', 'Zhang Jie', 'Shen Zhiqi', 'Boyang Li', 'Dusit Niyato', 'Tan Ah Hwee', 'Bo An']","['Miao Chunyan', 'Shen Zhiqi', 'Boyang Li', 'Dusit Niyato', 'Tan Ah Hwee', 'Bo An', 'Zhang Jie']","['Shen Zhiqi', 'Miao Chunyan', 'Boyang Li', 'Dusit Niyato', 'Tan Ah Hwee', 'Bo An', 'Zhang Jie']","['Shen Zhiqi', 'Miao Chunyan', 'Wen Yonggang', 'Boyang Li', 'Dusit Niyato', 'Tan Ah Hwee', 'Bo An', 'Zhang Jie']","['Miao Chunyan', 'Dusit Niyato', 'Shen Zhiqi', 'Zhao Jun', 'Lam Kwok Yan', 'Boyang Li', 'Tan Ah Hwee', 'Bo An', 'Zhang Jie', 'Wen Yonggang']","['Miao Chunyan', 'Dusit Niyato', 'Shen Zhiqi', 'Zhao Jun', 'Boyang Li', 'Tan Ah Hwee', 'Bo An', 'Zhang Jie', 'Wen Yonggang', 'Lam Kwok Yan']","['Boyang Li', 'Miao Chunyan', 'Shen Zhiqi', 'Dusit Niyato', 'Tan Ah Hwee', 'Bo An', 'Zhang Jie', 'Wen Yonggang', 'Zhao Jun', 'Lam Kwok Yan']"
70,Zhang Hanwang,Assistant Professor,M,N,Computer Vision,48,[],[],[],[],[],[],[],[],[],[],[],[],[],[],[],[],[],[],['Cai Jianfei'],"['Cai Jianfei', 'Miao Chunyan']","['Miao Chunyan', 'Liu Weichen', 'Cai Jianfei']","['Cai Jianfei', 'Miao Chunyan', 'Liu Weichen']"
71,Zhang Jie,Associate Professor,M,N,AI/ML,3,[],[],[],[],[],[],[],[],[],[],[],"['Miao Chunyan', 'Ong Yew Soon', 'Ng Wee Keong']","['Ong Yew Soon', 'Ng Wee Keong', 'Anwitaman Datta', 'Miao Chunyan']","['Ong Yew Soon', 'Miao Chunyan', 'Ng Wee Keong', 'Anwitaman Datta']","['Miao Chunyan', 'Ong Yew Soon', 'Yu Han', 'Bo An', 'Liu Yang', 'Dusit Niyato', 'Ng Wee Keong', 'Anwitaman Datta']","['Liu Yang', 'Ong Yew Soon', 'Miao Chunyan', 'Yu Han', 'Ng Wee Keong', 'Anwitaman Datta', 'Bo An', 'Dusit Niyato']","['Bo An', 'Liu Yang', 'Dusit Niyato', 'Miao Chunyan', 'Ong Yew Soon', 'Ng Wee Keong', 'Anwitaman Datta', 'Yu Han']","['Bo An', 'Dusit Niyato', 'Liu Yang', 'Miao Chunyan', 'Ong Yew Soon', 'Ng Wee Keong', 'Anwitaman Datta', 'Yu Han']","['Miao Chunyan', 'Ong Yew Soon', 'Ng Wee Keong', 'Anwitaman Datta', 'Yu Han', 'Bo An', 'Liu Yang', 'Dusit Niyato']","['Liu Yang', 'Mahardhika Pratama', 'Miao Chunyan', 'Ong Yew Soon', 'Ng Wee Keong', 'Anwitaman Datta', 'Yu Han', 'Bo An', 'Dusit Niyato']","['Liu Yang', 'Mahardhika Pratama', 'Ong Yew Soon', 'Miao Chunyan', 'Ng Wee Keong', 'Anwitaman Datta', 'Yu Han', 'Bo An', 'Dusit Niyato']","['Miao Chunyan', 'Ong Yew Soon', 'Ng Wee Keong', 'Anwitaman Datta', 'Yu Han', 'Bo An', 'Liu Yang', 'Dusit Niyato', 'Mahardhika Pratama']"
72,Zhao Jun,Assistant Professor,M,N,Computer Networks,3,[],[],[],[],[],[],[],[],[],[],[],[],[],[],[],[],[],[],['Dusit Niyato'],"['Dusit Niyato', 'Hui Siu Cheung', 'Li Mo', 'Sourav S Bhowmick', 'Tan Rui', 'Lam Kwok Yan', 'Yu Han']","['Dusit Niyato', 'Yu Han', 'Lam Kwok Yan', 'Hui Siu Cheung', 'Li Mo', 'Sourav S Bhowmick', 'Tan Rui']","['Lam Kwok Yan', 'Dusit Niyato', 'Tan Rui', 'Hui Siu Cheung', 'Li Mo', 'Sourav S Bhowmick', 'Yu Han']"
73,Zheng Jianmin,Associate Professor,M,N,Computer Graphics,5,[],[],[],[],[],['Seah Hock Soon'],['Seah Hock Soon'],"['Cai Jianfei', 'Seah Hock Soon']","['Cai Jianfei', 'Seah Hock Soon']","['Cai Jianfei', 'Seah Hock Soon']","['Cai Jianfei', 'Seah Hock Soon']","['Cai Jianfei', 'Lin Weisi', 'Seah Hock Soon']","['Cai Jianfei', 'Seah Hock Soon', 'Lin Weisi']","['Cai Jianfei', 'Cham Tat Jen', 'Seah Hock Soon', 'Lin Weisi']","['Cai Jianfei', 'Seah Hock Soon', 'Lin Weisi', 'Cham Tat Jen']","['Cai Jianfei', 'Cham Tat Jen', 'Seah Hock Soon', 'Lin Weisi']","['Cai Jianfei', 'Lu Shijian', 'Seah Hock Soon', 'Lin Weisi', 'Cham Tat Jen']","['Cai Jianfei', 'Cham Tat Jen', 'Seah Hock Soon', 'Lin Weisi', 'Lu Shijian']","['Cai Jianfei', 'Cham Tat Jen', 'Seah Hock Soon', 'Lin Weisi', 'Lu Shijian']","['He Ying', 'Seah Hock Soon', 'Cai Jianfei', 'Cham Tat Jen', 'Lin Weisi', 'Lu Shijian']","['Cai Jianfei', 'Cham Tat Jen', 'Seah Hock Soon', 'Lin Weisi', 'Lu Shijian', 'He Ying']","['Seah Hock Soon', 'Cai Jianfei', 'Lin Weisi', 'Cham Tat Jen', 'Lu Shijian', 'He Ying']"
74,Zinovi Rabinovich,Assistant Professor,M,N,AI/ML,0,[],[],[],[],[],[],[],[],[],[],[],[],[],[],['Lana Obraztsova '],['Lana Obraztsova '],['Lana Obraztsova '],['Lana Obraztsova '],['Lana Obraztsova '],"['Lana Obraztsova ', 'Bo An']","['Bo An', 'Lana Obraztsova ']","['Lana Obraztsova ', 'Bo An']"
75,Miao Chunyan,Professor,F,Y,AI/ML,9,['Shen Zhiqi'],['Shen Zhiqi'],['Shen Zhiqi'],['Shen Zhiqi'],['Shen Zhiqi'],"['Bo An', 'Shen Zhiqi']","['Shen Zhiqi', 'Bo An', 'Tan Ah Hwee', 'Lee Bu Sung Francis']","['Bo An', 'Shen Zhiqi', 'Tan Ah Hwee', 'Yu Han', 'Lee Bu Sung Francis']","['Yu Han', 'Shen Zhiqi', 'Lee Bu Sung Francis', 'Tan Ah Hwee', 'Bo An']","['Shen Zhiqi', 'Lee Bu Sung Francis', 'Yu Han', 'Tan Ah Hwee', 'Boyang Li', 'Bo An']","['Tan Ah Hwee', 'Shen Zhiqi', 'Boyang Li', 'Yu Han', 'Dusit Niyato', 'Ong Yew Soon', 'Huang Shell Ying', 'Bo An', 'Lee Bu Sung Francis']","['Shen Zhiqi', 'Yu Han', 'Zhang Jie', 'Tan Ah Hwee', 'Huang Shell Ying', 'Bo An', 'Lee Bu Sung Francis', 'Boyang Li', 'Dusit Niyato', 'Ong Yew Soon']","['Shen Zhiqi', 'Tan Ah Hwee', 'Ong Yew Soon', 'Yu Han', 'Bo An', 'Cong Gao', 'Lee Bu Sung Francis', 'Boyang Li', 'Dusit Niyato', 'Huang Shell Ying', 'Zhang Jie']","['Yu Han', 'Shen Zhiqi', 'Bo An', 'He Ying', 'Tan Ah Hwee', 'Lee Bu Sung Francis', 'Boyang Li', 'Dusit Niyato', 'Ong Yew Soon', 'Huang Shell Ying', 'Zhang Jie', 'Cong Gao']","['Zhang Jie', 'Yu Han', 'Shen Zhiqi', 'Bo An', 'Sun Aixin', 'Tan Ah Hwee', 'Lee Bu Sung Francis', 'Boyang Li', 'Dusit Niyato', 'Ong Yew Soon', 'Huang Shell Ying', 'Cong Gao', 'He Ying']","['Yu Han', 'Zhang Jie', 'Shen Zhiqi', 'Bo An', 'Tan Ah Hwee', 'Sun Aixin', 'Lee Bu Sung Francis', 'Boyang Li', 'Dusit Niyato', 'Ong Yew Soon', 'Huang Shell Ying', 'Cong Gao', 'He Ying']","['He Ying', 'Yu Han', 'Shen Zhiqi', 'Cong Gao', 'Bo An', 'Tan Ah Hwee', 'Sourav S Bhowmick', 'Lee Bu Sung Francis', 'Boyang Li', 'Dusit Niyato', 'Ong Yew Soon', 'Huang Shell Ying', 'Zhang Jie', 'Sun Aixin']","['Yu Han', 'Shen Zhiqi', 'Bo An', 'Dusit Niyato', 'Cong Gao', 'Tan Ah Hwee', 'Chng Eng Siong', 'Wen Yonggang', 'Quek Hiok Chai', 'Lee Bu Sung Francis', 'Boyang Li', 'Ong Yew Soon', 'Huang Shell Ying', 'Zhang Jie', 'He Ying', 'Sun Aixin', 'Sourav S Bhowmick']","['Quek Hiok Chai', 'Tan Ah Hwee', 'Shen Zhiqi', 'Yu Han', 'Lee Bu Sung Francis', 'Bo An', 'Pan Sinno Jialin', 'Ong Yew Soon', 'Wen Yonggang', 'Boyang Li', 'Dusit Niyato', 'Huang Shell Ying', 'Zhang Jie', 'Cong Gao', 'He Ying', 'Sun Aixin', 'Sourav S Bhowmick', 'Chng Eng Siong']","['Tan Ah Hwee', 'Yu Han', 'Pan Sinno Jialin', 'Shen Zhiqi', 'Zhang Hanwang', 'Dusit Niyato', 'Bo An', 'Lee Bu Sung Francis', 'Boyang Li', 'Ong Yew Soon', 'Huang Shell Ying', 'Zhang Jie', 'Cong Gao', 'He Ying', 'Sun Aixin', 'Sourav S Bhowmick', 'Chng Eng Siong', 'Wen Yonggang', 'Quek Hiok Chai']","['Yu Han', 'Dusit Niyato', 'Tan Ah Hwee', 'Shen Zhiqi', 'Zhang Hanwang', 'Lin Guosheng', 'Joty Shafiq Rayhan', 'Boyang Li', 'Bo An', 'Lee Bu Sung Francis', 'Ong Yew Soon', 'Huang Shell Ying', 'Zhang Jie', 'Cong Gao', 'He Ying', 'Sun Aixin', 'Sourav S Bhowmick', 'Chng Eng Siong', 'Wen Yonggang', 'Quek Hiok Chai', 'Pan Sinno Jialin']","['Pan Sinno Jialin', 'Boyang Li', 'Yu Han', 'Shen Zhiqi', 'Bo An', 'Tan Ah Hwee', 'Lee Bu Sung Francis', 'Dusit Niyato', 'Ong Yew Soon', 'Huang Shell Ying', 'Zhang Jie', 'Cong Gao', 'He Ying', 'Sun Aixin', 'Sourav S Bhowmick', 'Chng Eng Siong', 'Wen Yonggang', 'Quek Hiok Chai', 'Zhang Hanwang', 'Lin Guosheng', 'Joty Shafiq Rayhan']"
76,Thambipillai Srikanthan,Professor,M,Y,Computer Architecture,0,['Lam Siew Kei'],['Lam Siew Kei'],['Lam Siew Kei'],['Lam Siew Kei'],['Lam Siew Kei'],['Lam Siew Kei'],"['Lam Siew Kei', 'Douglas Leslie Maskell']","['Lam Siew Kei', 'Douglas Leslie Maskell', 'Goh Wooi Boon']","['Lam Siew Kei', 'Douglas Leslie Maskell', 'Goh Wooi Boon']","['Lam Siew Kei', 'Douglas Leslie Maskell', 'Goh Wooi Boon']","['Lam Siew Kei', 'Douglas Leslie Maskell', 'Goh Wooi Boon']","['Lam Siew Kei', 'Douglas Leslie Maskell', 'Goh Wooi Boon']","['Lam Siew Kei', 'Douglas Leslie Maskell', 'Goh Wooi Boon']","['Lam Siew Kei', 'Lin Weisi', 'Douglas Leslie Maskell', 'Goh Wooi Boon']","['Lam Siew Kei', 'Douglas Leslie Maskell', 'Goh Wooi Boon', 'Lin Weisi']","['Lam Siew Kei', 'Douglas Leslie Maskell', 'Goh Wooi Boon', 'Lin Weisi']","['Lam Siew Kei', 'Anupam Chattopadhyay', 'Douglas Leslie Maskell', 'Goh Wooi Boon', 'Lin Weisi']","['Lam Siew Kei', 'Seah Hock Soon', 'Douglas Leslie Maskell', 'Goh Wooi Boon', 'Lin Weisi', 'Anupam Chattopadhyay']","['Lam Siew Kei', 'Douglas Leslie Maskell', 'Goh Wooi Boon', 'Lin Weisi', 'Anupam Chattopadhyay', 'Seah Hock Soon']","['Lam Siew Kei', 'Douglas Leslie Maskell', 'Goh Wooi Boon', 'Lin Weisi', 'Anupam Chattopadhyay', 'Seah Hock Soon']","['Lam Siew Kei', 'Douglas Leslie Maskell', 'Goh Wooi Boon', 'Lin Weisi', 'Anupam Chattopadhyay', 'Seah Hock Soon']","['Lam Siew Kei', 'Douglas Leslie Maskell', 'Goh Wooi Boon', 'Lin Weisi', 'Anupam Chattopadhyay', 'Seah Hock Soon']"
77,Ong Yew Soon,Professor,M,Y,AI/ML,3,[],[],[],['Cai Wentong'],"['Lee Bu Sung Francis', 'Cai Wentong']","['Cai Wentong', 'Lee Bu Sung Francis']","['Lee Bu Sung Francis', 'Kwoh Chee Keong', 'Cai Wentong']","['Lee Bu Sung Francis', 'Cai Wentong', 'Kwoh Chee Keong']","['Tan Ah Hwee', 'Boyang Li', 'Kwoh Chee Keong', 'Cai Wentong', 'Lee Bu Sung Francis']","['Kwoh Chee Keong', 'Cai Wentong', 'Lee Bu Sung Francis', 'Tan Ah Hwee', 'Boyang Li']","['Tan Ah Hwee', 'Kwoh Chee Keong', 'Miao Chunyan', 'Cai Wentong', 'Lee Bu Sung Francis', 'Boyang Li']","['Tan Ah Hwee', 'Cai Wentong', 'Zhang Jie', 'Kwoh Chee Keong', 'Lee Bu Sung Francis', 'Boyang Li', 'Miao Chunyan']","['Kwoh Chee Keong', 'Zhang Jie', 'Tan Ah Hwee', 'Miao Chunyan', 'Cai Wentong', 'Lee Bu Sung Francis', 'Boyang Li']","['Kwoh Chee Keong', 'Erik Cambria', 'Tan Ah Hwee', 'Zhang Jie', 'Wen Yonggang', 'Cai Wentong', 'Lee Bu Sung Francis', 'Boyang Li', 'Miao Chunyan']","['Zhang Jie', 'Cai Wentong', 'Lee Bu Sung Francis', 'Kwoh Chee Keong', 'Tan Ah Hwee', 'Boyang Li', 'Miao Chunyan', 'Erik Cambria', 'Wen Yonggang']","['Wen Yonggang', 'Tan Ah Hwee', 'Zhang Jie', 'Cai Wentong', 'Lee Bu Sung Francis', 'Kwoh Chee Keong', 'Boyang Li', 'Miao Chunyan', 'Erik Cambria']","['Erik Cambria', 'Cai Wentong', 'Lee Bu Sung Francis', 'Kwoh Chee Keong', 'Tan Ah Hwee', 'Boyang Li', 'Miao Chunyan', 'Zhang Jie', 'Wen Yonggang']","['Cai Jianfei', 'Ke Yiping Kelly', 'Cai Wentong', 'Lee Bu Sung Francis', 'Kwoh Chee Keong', 'Tan Ah Hwee', 'Boyang Li', 'Miao Chunyan', 'Zhang Jie', 'Erik Cambria', 'Wen Yonggang']","['Wen Yonggang', 'Cai Jianfei', 'Miao Chunyan', 'Ke Yiping Kelly', 'Liu Yang', 'Mahardhika Pratama', 'Sourav Sen Gupta', 'Cai Wentong', 'Lee Bu Sung Francis', 'Kwoh Chee Keong', 'Tan Ah Hwee', 'Boyang Li', 'Zhang Jie', 'Erik Cambria']","['Cai Jianfei', 'Mahardhika Pratama', 'Cai Wentong', 'Lee Bu Sung Francis', 'Kwoh Chee Keong', 'Tan Ah Hwee', 'Boyang Li', 'Miao Chunyan', 'Zhang Jie', 'Erik Cambria', 'Wen Yonggang', 'Ke Yiping Kelly', 'Liu Yang', 'Sourav Sen Gupta']","['Mahardhika Pratama', 'Erik Cambria', 'Cai Jianfei', 'Cai Wentong', 'Zhang Jie', 'Ke Yiping Kelly', 'Loy Chen Change', 'Lee Bu Sung Francis', 'Kwoh Chee Keong', 'Tan Ah Hwee', 'Boyang Li', 'Miao Chunyan', 'Wen Yonggang', 'Liu Yang', 'Sourav Sen Gupta']","['Cai Jianfei', 'Cai Wentong', 'Lee Bu Sung Francis', 'Kwoh Chee Keong', 'Tan Ah Hwee', 'Boyang Li', 'Miao Chunyan', 'Zhang Jie', 'Erik Cambria', 'Wen Yonggang', 'Ke Yiping Kelly', 'Liu Yang', 'Mahardhika Pratama', 'Sourav Sen Gupta', 'Loy Chen Change']"
78,Shen Zhiqi,Senior Lecturer,M,N,AI/ML,7,['Miao Chunyan'],['Miao Chunyan'],['Miao Chunyan'],['Miao Chunyan'],['Miao Chunyan'],"['Bo An', 'Miao Chunyan']","['Miao Chunyan', 'Bo An', 'Tan Ah Hwee']","['Bo An', 'Miao Chunyan', 'Tan Ah Hwee', 'Yu Han']","['Yu Han', 'Miao Chunyan', 'Tan Ah Hwee', 'Bo An']","['Miao Chunyan', 'Lee Bu Sung Francis', 'Yu Han', 'Tan Ah Hwee', 'Boyang Li', 'Bo An']","['Miao Chunyan', 'Tan Ah Hwee', 'Boyang Li', 'Yu Han', 'Dusit Niyato', 'Huang Shell Ying', 'Bo An', 'Lee Bu Sung Francis']","['Miao Chunyan', 'Yu Han', 'Tan Ah Hwee', 'Bo An', 'Lee Bu Sung Francis', 'Boyang Li', 'Dusit Niyato', 'Huang Shell Ying']","['Miao Chunyan', 'Yu Han', 'Bo An', 'Tan Ah Hwee', 'Lee Bu Sung Francis', 'Boyang Li', 'Dusit Niyato', 'Huang Shell Ying']","['Yu Han', 'Miao Chunyan', 'Bo An', 'Tan Ah Hwee', 'Lee Bu Sung Francis', 'Boyang Li', 'Dusit Niyato', 'Huang Shell Ying']","['Yu Han', 'Miao Chunyan', 'Bo An', 'Tan Ah Hwee', 'Lee Bu Sung Francis', 'Boyang Li', 'Dusit Niyato', 'Huang Shell Ying']","['Yu Han', 'Miao Chunyan', 'Bo An', 'Boyang Li', 'Tan Ah Hwee', 'Lee Bu Sung Francis', 'Dusit Niyato', 'Huang Shell Ying']","['Miao Chunyan', 'Yu Han', 'Bo An', 'Tan Ah Hwee', 'Lee Bu Sung Francis', 'Boyang Li', 'Dusit Niyato', 'Huang Shell Ying']","['Yu Han', 'Miao Chunyan', 'Chng Eng Siong', 'Bo An', 'Tan Ah Hwee', 'Lee Bu Sung Francis', 'Boyang Li', 'Dusit Niyato', 'Huang Shell Ying']","['Yu Han', 'Miao Chunyan', 'Bo An', 'Tan Ah Hwee', 'Lee Bu Sung Francis', 'Boyang Li', 'Dusit Niyato', 'Huang Shell Ying', 'Chng Eng Siong']","['Miao Chunyan', 'Yu Han', 'Bo An', 'Tan Ah Hwee', 'Lee Bu Sung Francis', 'Boyang Li', 'Dusit Niyato', 'Huang Shell Ying', 'Chng Eng Siong']","['Yu Han', 'Miao Chunyan', 'Bo An', 'Tan Ah Hwee', 'Lee Bu Sung Francis', 'Boyang Li', 'Dusit Niyato', 'Huang Shell Ying', 'Chng Eng Siong']","['Miao Chunyan', 'Bo An', 'Tan Ah Hwee', 'Yu Han', 'Lee Bu Sung Francis', 'Boyang Li', 'Dusit Niyato', 'Huang Shell Ying', 'Chng Eng Siong']"
79,Tay Kian Boon,Senior Lecturer,M,N,Cyber Security,0,[],[],[],[],[],[],[],[],[],[],[],[],[],[],[],[],[],[],[],[],[],[]
80,Wen Yonggang,Professor,M,N,Multimedia,12,[],[],[],[],[],[],[],[],[],[],[],['Cai Jianfei'],"['Cai Jianfei', 'Ng Wee Keong']","['Ong Yew Soon', 'Cai Jianfei', 'Ng Wee Keong']","['Cai Jianfei', 'Dusit Niyato', 'Ng Wee Keong', 'Ong Yew Soon']","['Dusit Niyato', 'Ong Yew Soon', 'Cai Jianfei', 'Ng Wee Keong']","['Lin Weisi', 'Cai Jianfei', 'Ng Wee Keong', 'Ong Yew Soon', 'Dusit Niyato']","['Dusit Niyato', 'Cai Jianfei', 'Miao Chunyan', 'Ng Wee Keong', 'Ong Yew Soon', 'Lin Weisi']","['Ong Yew Soon', 'Cai Jianfei', 'Yu Han', 'Miao Chunyan', 'Dusit Niyato', 'Ng Wee Keong', 'Lin Weisi']","['Dusit Niyato', 'Tan Rui', 'Cai Jianfei', 'Ng Wee Keong', 'Ong Yew Soon', 'Lin Weisi', 'Miao Chunyan', 'Yu Han']","['Tan Rui', 'Dusit Niyato', 'Zhang Tianwei', 'Cai Jianfei', 'Ng Wee Keong', 'Ong Yew Soon', 'Lin Weisi', 'Miao Chunyan', 'Yu Han']","['Cai Jianfei', 'Ng Wee Keong', 'Ong Yew Soon', 'Dusit Niyato', 'Lin Weisi', 'Miao Chunyan', 'Yu Han', 'Tan Rui', 'Zhang Tianwei']"
81,Zhang Tianwei,Assistant Professor,M,N,Cyber Security,6,[],[],[],[],[],[],[],[],[],[],[],[],[],[],[],[],[],[],[],[],"['Liu Yang', 'Wen Yonggang']","['Liu Yang', 'Wen Yonggang']"
82,Boyang Li,Associate Professor,M,N,AI/ML,6,[],[],[],[],[],[],[],[],['Ong Yew Soon'],"['Yu Han', 'Shen Zhiqi', 'Miao Chunyan', 'Ong Yew Soon']","['Miao Chunyan', 'Tan Ah Hwee', 'Shen Zhiqi', 'Ong Yew Soon', 'Yu Han']","['Ong Yew Soon', 'Yu Han', 'Shen Zhiqi', 'Miao Chunyan', 'Tan Ah Hwee']","['Ong Yew Soon', 'Yu Han', 'Shen Zhiqi', 'Miao Chunyan', 'Tan Ah Hwee']","['Ong Yew Soon', 'Yu Han', 'Shen Zhiqi', 'Miao Chunyan', 'Tan Ah Hwee']","['Ong Yew Soon', 'Yu Han', 'Shen Zhiqi', 'Miao Chunyan', 'Tan Ah Hwee']","['Yu Han', 'Shen Zhiqi', 'Ong Yew Soon', 'Miao Chunyan', 'Tan Ah Hwee']","['Ong Yew Soon', 'Yu Han', 'Shen Zhiqi', 'Miao Chunyan', 'Tan Ah Hwee']","['Ong Yew Soon', 'Yu Han', 'Shen Zhiqi', 'Miao Chunyan', 'Tan Ah Hwee']","['Ong Yew Soon', 'Yu Han', 'Shen Zhiqi', 'Miao Chunyan', 'Tan Ah Hwee']","['Ong Yew Soon', 'Yu Han', 'Shen Zhiqi', 'Miao Chunyan', 'Tan Ah Hwee']","['Miao Chunyan', 'Ong Yew Soon', 'Yu Han', 'Shen Zhiqi', 'Tan Ah Hwee']","['Yu Han', 'Miao Chunyan', 'Ong Yew Soon', 'Shen Zhiqi', 'Tan Ah Hwee']"
83,Liu Zhiwei,Assistant Professor,M,N,Computer Vision,4,[],[],[],[],[],[],[],[],[],[],[],[],[],[],[],[],[],[],[],[],['Arvind Easwaran'],['Arvind Easwaran']
84,Luu Anh Tuan,Assistant Professor,M,N,AI/ML,6,[],[],[],[],[],[],[],[],[],[],[],[],['Liu Yang'],['Liu Yang'],['Liu Yang'],['Liu Yang'],"['Hui Siu Cheung', 'Liu Yang']","['Hui Siu Cheung', 'Liu Yang']","['Hui Siu Cheung', 'Liu Yang']","['Hui Siu Cheung', 'Liu Yang']","['Liu Yang', 'Hui Siu Cheung']","['Hui Siu Cheung', 'Liu Yang']"
